"","CAS","Species","kelim","Vdist","Fgutabs","kgutabs","V1","Ralphatokelim","Fbetaofalpha","param.value.type","Reference","Data.Analyzed","Compound","LogLikelihood","AIC","model","model.type","beta","alpha","k21","k12","halflife","Vss","CLtot","Varea.or.Vbeta","Css"
"1","107-06-2","rat",2.152,0.8736,1,2.18,1,1.2,0.8,"Predicted","18","18","1,2-dichloroethane",-139.325236880628,290.650473761257,"2compartment","analytic",NA,NA,NA,NA,NA,NA,NA,NA,NA
"2","107-06-2","rat",0.211252013781697,NA,NA,21.0505354154671,3.5903092146097,1.62425912065496,3.24685285398666e-05,"Fitted geometric mean","18","18","1,2-dichloroethane",-139.325236880628,290.650473761257,"2compartment","analytic",1.11408615901118e-05,0.343129634400769,1.80957317087399e-05,0.131870665748953,62216.6584651908,26167.5760488192,0.291529342908619,68079.1198733198,NA
"3","107-06-2","rat",287.912800088339,NA,NA,0.486431000285969,0.140482187161758,287.911383194829,464.126617160932,"Fitted geometric std dev","18","18","1,2-dichloroethane",-139.325236880628,290.650473761257,"2compartment","analytic",NA,NA,NA,NA,NA,NA,NA,NA,NA
"4","123-91-1","rat",2.207,0.8481,1,2.18,1,1.2,0.8,"Predicted","24, 6","Joint Analysis","1,4-dioxane",-680.277078849634,1372.55415769927,"2compartment","analytic",NA,NA,NA,NA,NA,NA,NA,NA,NA
"5","123-91-1","rat",0.0177174695644677,NA,NA,NA,1.34277753932096,4.6770102170853,0.998996545880015,"Fitted geometric mean","24, 6","Joint Analysis","1,4-dioxane",-680.277078849634,1372.55415769927,"2compartment","analytic",0.0827816351628255,0.0828694631841305,0.387192405918152,-0.239258777135664,8.37319991561625,0.513031637509337,0.0424695978432848,0.287390073148174,NA
"6","123-91-1","rat",1.18978578409004,NA,NA,NA,0.083534728475149,1.3118236611098,0.652866296076322,"Fitted geometric std dev","24, 6","Joint Analysis","1,4-dioxane",-680.277078849634,1372.55415769927,"2compartment","analytic",NA,NA,NA,NA,NA,NA,NA,NA,NA
"7","123-91-1","rat",2.207,0.8481,1,2.18,1,1.2,0.8,"Predicted","24","24","1,4-dioxane",-233.305183152307,476.610366304615,"2compartment","analytic",NA,NA,NA,NA,NA,NA,NA,NA,NA
"8","123-91-1","rat",0.0492610182135556,NA,NA,NA,1.10877285672603,5.51931648838412,0.242492124917985,"Fitted geometric mean","24","24","1,4-dioxane",-233.305183152307,476.610366304615,"2compartment","analytic",0.0659304927561064,0.271892669377156,0.363898642758386,-0.075336498838679,10.5133019879598,0.879227991155971,0.0579679347018747,0.828437307331032,NA
"9","123-91-1","rat",1.42070198344351,NA,NA,NA,0.134273874268252,2.99620948844836,2.14089099332885,"Fitted geometric std dev","24","24","1,4-dioxane",-233.305183152307,476.610366304615,"2compartment","analytic",NA,NA,NA,NA,NA,NA,NA,NA,NA
"10","123-91-1","rat",2.207,0.8481,1,2.18,1,1.2,0.8,"Predicted","6","6","1,4-dioxane",-443.163641540855,896.32728308171,"2compartment","analytic",NA,NA,NA,NA,NA,NA,NA,NA,NA
"11","123-91-1","rat",0.00607178198756203,NA,NA,NA,1.45896897327341,13.2295028812944,0.999396454344094,"Fitted geometric mean","6","6","1,4-dioxane",-443.163641540855,896.32728308171,"2compartment","analytic",0.0802781764939771,0.0803398868019247,1.06221528134621,-0.907669000037871,8.6343164584954,0.212271686656484,0.0170407839260834,0.110348066177088,NA
"12","123-91-1","rat",2.71124602907953,NA,NA,NA,0.0777205452849381,2.78462889566047,0.613082675653803,"Fitted geometric std dev","6","6","1,4-dioxane",-443.163641540855,896.32728308171,"2compartment","analytic",NA,NA,NA,NA,NA,NA,NA,NA,NA
"13","127-00-4","Rat",0.25,5.56,1,2.19,1,1.2,0.8,"Predicted","176","176","1-chloro-2-propanol",-73.9932296968349,159.98645939367,"2compartment","analytic",NA,NA,NA,NA,NA,NA,NA,NA,NA
"14","127-00-4","Rat",90.960971649043,NA,NA,20.5241687844426,2.63907722561607,0.015079477080476,2.76028624848965e-35,"Fitted geometric mean","176","176","1-chloro-2-propanol",-73.9932296968349,159.98645939367,"2compartment","analytic",3.78612975966188e-35,1.37164390227905,5.70928575621928e-37,-89.5893277467639,1.83075389529662e+34,-4.14120372687924e+38,-15679.1346711602,6.34032756236902e+36,NA
"15","127-00-4","Rat",5.13166331625335,NA,NA,0.197895175619528,0.494149277745564,0.334645148395691,0.251791058393328,"Fitted geometric std dev","176","176","1-chloro-2-propanol",-73.9932296968349,159.98645939367,"2compartment","analytic",NA,NA,NA,NA,NA,NA,NA,NA,NA
"16","1746-01-6","Rat",0.25,5.56,1,2.19,1,1.2,0.8,"Predicted","177","177","2,3,7,8-tetrachlorodibenzo-p-dioxin",24.9714456779678,-37.9428913559357,"2compartment","analytic",NA,NA,NA,NA,NA,NA,NA,NA,NA
"17","1746-01-6","Rat",0.00690741073020404,NA,NA,38.712584698764,0.383426663923557,51.2604695938953,0.0027654285307357,"Fitted geometric mean","177","177","2,3,7,8-tetrachlorodibenzo-p-dioxin",24.9714456779678,-37.9428913559357,"2compartment","analytic",0.000979174963390839,0.354128378177764,0.0502002349768517,0.297999907434099,707.888994791705,2.65953374608509,0.00260414885845957,2.70481328838345,NA
"18","1746-01-6","Rat",10.8562893486669,NA,NA,0.517760700724169,1.39979253191415,1.1233212986678,0.658840458022419,"Fitted geometric std dev","177","177","2,3,7,8-tetrachlorodibenzo-p-dioxin",24.9714456779678,-37.9428913559357,"2compartment","analytic",NA,NA,NA,NA,NA,NA,NA,NA,NA
"19","94-75-7","rat",0.01284,0.7054,1,2.18,1,1.2,0.8,"Predicted","192","192","2,4-d",-99999,200012,"2compartment","analytic",NA,NA,NA,NA,NA,NA,NA,NA,NA
"20","94-75-7","rat",0.384988995531954,NA,1.04885990156372,4.97323369020153,1.15159008468189,1.62713335343867,0.0741157525925131,"Fitted geometric mean","192","192","2,4-d",-99999,200012,"2compartment","analytic",0.0464282149303444,0.626430062470249,0.0755450932799034,0.212324188588736,14.9294385235328,4.38820572311888,0.203736558471531,9.54913969084083,0.214504928454433
"21","94-75-7","rat",0,NA,0,0,0,0,0,"Fitted geometric std dev","192","192","2,4-d",-99999,200012,"2compartment","analytic",NA,NA,NA,NA,NA,NA,NA,NA,NA
"22","94-75-7","Rat",0.01284,0.7054,1,2.18,1,1.2,0.8,"Predicted","164","164","2,4-dichlorophenoxyacetic acid",-320.424538728267,654.849077456534,"2compartment","analytic",NA,NA,NA,NA,NA,NA,NA,NA,NA
"23","94-75-7","Rat",1.4521582917196,NA,0.831955006556848,6.49403159484631,0.0634028408067922,3.65185390063359,0.0394056200584669,"Fitted geometric mean","164","164","2,4-dichlorophenoxyacetic acid",-320.424538728267,654.849077456534,"2compartment","analytic",0.208970758487989,5.30307357380754,0.763131205017528,3.2967548355584,3.31695776756146,0.337305441884586,0.0704869740327483,0.440592557840829,0.491790042281619
"24","94-75-7","Rat",0.151662986530512,NA,0.137186684964816,0.148111379765687,0.081176610616366,0.14074391678993,0.183926367001508,"Fitted geometric std dev","164","164","2,4-dichlorophenoxyacetic acid",-320.424538728267,654.849077456534,"2compartment","analytic",NA,NA,NA,NA,NA,NA,NA,NA,NA
"25","131-57-7","Rat",0.05386,1.169,1,2.18,1,1.2,0.8,"Predicted","129","129","2-hydroxy-4-methoxybenzophenone",276.049430627141,-538.098861254282,"2compartment","analytic",NA,NA,NA,NA,NA,NA,NA,NA,NA
"26","131-57-7","Rat",0.333637809883414,NA,0.049124016747097,1.79887756738129,5.97281144061579,2.89591591234245,0.109899680499843,"Fitted geometric mean","129","129","2-hydroxy-4-methoxybenzophenone",276.049430627141,-538.098861254282,"2compartment","analytic",0.106183647284879,0.966189938516377,0.307499835457715,0.431235940460128,6.52781476511451,14.3490466829893,1.5236341118608,18.7670679887959,0.00134338947598729
"27","131-57-7","Rat",0.201790816449441,NA,0.160004664066277,0.132234978131945,0.208567516284114,0.180543250004752,0.229745407755066,"Fitted geometric std dev","129","129","2-hydroxy-4-methoxybenzophenone",276.049430627141,-538.098861254282,"2compartment","analytic",NA,NA,NA,NA,NA,NA,NA,NA,NA
"28","693-98-1","Rat",0.25,5.56,1,2.19,1,1.2,0.8,"Predicted","150","150","2-methylimidazole",-57.6796273666095,125.359254733219,"2compartment","analytic",NA,NA,NA,NA,NA,NA,NA,NA,NA
"29","693-98-1","Rat",0.0202848736927036,NA,NA,NA,1.16634375990749,2.51543809756929,0.141369184481809,"Fitted geometric mean","150","150","2-methylimidazole",-57.6796273666095,125.359254733219,"2compartment","analytic",0.00721341128204946,0.0510278595291052,0.0181457840557559,0.0198106130626952,96.0914543005247,2.43969655935774,0.0175985346860484,3.27988172681518,NA
"30","693-98-1","Rat",0.133572217942547,NA,NA,NA,0.082381633913009,0.206178848419146,0.219882673680612,"Fitted geometric std dev","150","150","2-methylimidazole",-57.6796273666095,125.359254733219,"2compartment","analytic",NA,NA,NA,NA,NA,NA,NA,NA,NA
"31","96-47-9","Rat",0.25,5.56,1,2.19,1,1.2,0.8,"Predicted","175","175","2-methyltetrahydrofuran",-1262.3302389202,2538.66047784041,"2compartment","analytic",NA,NA,NA,NA,NA,NA,NA,NA,NA
"32","96-47-9","Rat",0.400214510162871,NA,0.483703916522668,35.7003605060545,0.781115800979159,816307.208634086,1.17326472963866e-06,"Fitted geometric mean","175","175","2-methyltetrahydrofuran",-1262.3302389202,2538.66047784041,"2compartment","analytic",0.383303228495404,326698.80595312,312893.97032722,13804.8187146179,1.80835205401422,0.81557847220406,0.312613861487165,0.815578514421778,0.0644703653229997
"33","96-47-9","Rat",0.0776419283653262,NA,0.0589286361415915,0.222073771288281,0.074106323622728,0.0462797793296289,0.0462212554969497,"Fitted geometric std dev","175","175","2-methyltetrahydrofuran",-1262.3302389202,2538.66047784041,"2compartment","analytic",NA,NA,NA,NA,NA,NA,NA,NA,NA
"34","79-01-6","rat",0.891,1.238,1,2.18,1,1.2,0.8,"Predicted","29","29","29",NA,NA,"2compartment","analytic",NA,NA,NA,NA,NA,NA,NA,NA,NA
"35","79-01-6","rat",NA,NA,NA,NA,NA,NA,NA,"Fitted geometric mean","29","29","29",NA,NA,"2compartment","analytic",NA,NA,NA,NA,NA,NA,NA,NA,NA
"36","79-01-6","rat",NA,NA,NA,NA,NA,NA,NA,"Fitted geometric std dev","29","29","29",NA,NA,"2compartment","analytic",NA,NA,NA,NA,NA,NA,NA,NA,NA
"37","57465-28-8","Rat",0.25,5.56,1,2.19,1,1.2,0.8,"Predicted","179","179","3,3',4,4',5-pentachlorobiphenyl",0,Inf,"2compartment","analytic",NA,NA,NA,NA,NA,NA,NA,NA,NA
"38","57465-28-8","Rat",3.5777564404535e-08,NA,NA,179469350332.664,576.978108991867,6870.1658275062,0.00431018359602652,"Fitted geometric mean","179","179","3,3',4,4',5-pentachlorobiphenyl",0,Inf,"2compartment","analytic",1.0594336470659e-06,0.00711596362786964,0.21071560974415,-0.203598622460198,654262.003552198,19.4876206361734,2.06458410032178e-05,19.4848176774768,NA
"39","57465-28-8","Rat",30.911223063977,NA,NA,0.434596096129278,4.05935091698004,1.81174820684423,1.37178367084216,"Fitted geometric std dev","179","179","3,3',4,4',5-pentachlorobiphenyl",0,Inf,"2compartment","analytic",NA,NA,NA,NA,NA,NA,NA,NA,NA
"40","822-36-6","Rat",0.25,5.56,1,2.19,1,1.2,0.8,"Predicted","151","151","4-methylimidazole",-59.3683854169978,128.736770833996,"2compartment","analytic",NA,NA,NA,NA,NA,NA,NA,NA,NA
"41","822-36-6","Rat",0.74124407292723,NA,NA,NA,0.795688478481629,14.6937523279461,0.0413620027418671,"Fitted geometric mean","151","151","4-methylimidazole",-59.3683854169978,128.736770833996,"2compartment","analytic",0.450500739341274,10.891671515903,6.61955521775661,3.98137296456047,1.53861496780998,1.27426029973349,0.574055207143169,1.30920843644653,NA
"42","822-36-6","Rat",0.0792055374304341,NA,NA,NA,0.0639177624602945,0.245301015240706,0.272560455476236,"Fitted geometric std dev","151","151","4-methylimidazole",-59.3683854169978,128.736770833996,"2compartment","analytic",NA,NA,NA,NA,NA,NA,NA,NA,NA
"43","62-44-2","rat",1.132,1.029,1,2.18,1,1.2,0.8,"Predicted","62","62","62",NA,NA,"2compartment","analytic",NA,NA,NA,NA,NA,NA,NA,NA,NA
"44","62-44-2","rat",NA,NA,NA,NA,NA,NA,NA,"Fitted geometric mean","62","62","62",NA,NA,"2compartment","analytic",NA,NA,NA,NA,NA,NA,NA,NA,NA
"45","62-44-2","rat",NA,NA,NA,NA,NA,NA,NA,"Fitted geometric std dev","62","62","62",NA,NA,"2compartment","analytic",NA,NA,NA,NA,NA,NA,NA,NA,NA
"46","107-13-1","rat",3.037,0.7946,1,2.18,1,1.2,0.8,"Predicted","43","43","acrylonitrile",-80.1714380442349,170.34287608847,"2compartment","analytic",NA,NA,NA,NA,NA,NA,NA,NA,NA
"47","107-13-1","rat",9.89776334094904,NA,NA,NA,0.25640201867342,2.26500784275513,0.0996618347971034,"Fitted geometric mean","43","43","acrylonitrile",-80.1714380442349,170.34287608847,"2compartment","analytic",2.23426999877689,22.4185138579916,5.06063958135333,9.69438093446613,0.310234296185955,0.747576859605583,1.6702885491966,1.13585488878264,NA
"48","107-13-1","rat",0.227681656476,NA,NA,NA,0.267621615061364,0.101714595676066,0.229366669484036,"Fitted geometric std dev","43","43","acrylonitrile",-80.1714380442349,170.34287608847,"2compartment","analytic",NA,NA,NA,NA,NA,NA,NA,NA,NA
"49","15972-60-8","rat",0.2707,4.415,1,2.18,1,1.2,0.8,"Predicted","192","192","alachlor",204.991602632913,-395.983205265827,"2compartment","analytic",NA,NA,NA,NA,NA,NA,NA,NA,NA
"50","15972-60-8","rat",0.00548269170991619,NA,0.121441700207266,659.645952222655,195.023509098532,22.9490860124966,0.998886947730837,"Fitted geometric mean","192","192","alachlor",204.991602632913,-395.983205265827,"2compartment","analytic",0.125682716318297,0.125845712716881,2.88482954142089,-2.63878380409562,5.51505569631803,16.6334621865643,2.09053870938508,8.50756418937791,0.00242046263924852
"51","15972-60-8","rat",3.33179762067011,NA,0.366669615424098,0.498811300178941,1.4291047350731,0.864083503173394,0.524970031550263,"Fitted geometric std dev","192","192","alachlor",204.991602632913,-395.983205265827,"2compartment","analytic",NA,NA,NA,NA,NA,NA,NA,NA,NA
"52","546-80-5","Rat",0.25,5.56,1,2.19,1,1.2,0.8,"Predicted","130","130","alpha-thujone",158.693342296285,-303.386684592569,"2compartment","analytic",NA,NA,NA,NA,NA,NA,NA,NA,NA
"53","546-80-5","Rat",0.729730903975255,NA,0.19116734510683,5.80345691598473,2.11527718330796,6.02340785837229,0.0288380359084101,"Fitted geometric mean","130","130","alpha-thujone",158.693342296285,-303.386684592569,"2compartment","analytic",0.126756631186212,4.39547288490953,0.76350793467336,3.02899067744712,5.46833072221427,10.5070103631308,1.33183323746907,12.1775335671863,0.00598070826138462
"54","546-80-5","Rat",0.246056214823147,NA,0.155430459353105,0.136582885226987,0.193234646356418,0.198611416651376,0.22237104114577,"Fitted geometric std dev","130","130","alpha-thujone",158.693342296285,-303.386684592569,"2compartment","analytic",NA,NA,NA,NA,NA,NA,NA,NA,NA
"55","28981-97-7","rat",0.9838,1.357,1,2.18,1,1.2,0.8,"Predicted","192","192","alprazolam",65.4563355249691,-116.912671049938,"2compartment","analytic",NA,NA,NA,NA,NA,NA,NA,NA,NA
"56","28981-97-7","rat",3.70185785050662,NA,0.269509813162552,11.8010242956452,1.18169654667564,3.01262070194229,0.0290253837378295,"Fitted geometric mean","192","192","alprazolam",65.4563355249691,-116.912671049938,"2compartment","analytic",0.323699601183272,11.1522966087045,0.975184383166189,6.79895397621499,2.14132849724303,9.42044664705608,3.04939482262034,13.5139883467173,0.00368255873760228
"57","28981-97-7","rat",0.211864089700936,NA,0.236732956921252,NA,NA,0.149011955969309,NA,"Fitted geometric std dev","192","192","alprazolam",65.4563355249691,-116.912671049938,"2compartment","analytic",NA,NA,NA,NA,NA,NA,NA,NA,NA
"58","84-65-1","Rat",0.25,5.56,1,2.19,1,1.2,0.8,"Predicted","166","166","anthraquinone",-3.56381586000115,21.1276317200023,"2compartment","analytic",NA,NA,NA,NA,NA,NA,NA,NA,NA
"59","84-65-1","Rat",0.135145276754505,NA,0.999405426166278,0.158883558033015,3.8298831891183,1.22093104214851,0.250869723881837,"Fitted geometric mean","166","166","anthraquinone",-3.56381586000115,21.1276317200023,"2compartment","analytic",0.0413942730023116,0.165004284520369,0.0505399268403183,0.0207133539278573,16.7450019117678,5.39952784351604,0.223509529638086,12.5039186822272,0.186309249651933
"60","84-65-1","Rat",0.00143115640261038,NA,0.119543897602749,0.000137351745689773,0.0961654632281051,7.61074300260544e-05,0.0692425639327734,"Fitted geometric std dev","166","166","anthraquinone",-3.56381586000115,21.1276317200023,"2compartment","analytic",NA,NA,NA,NA,NA,NA,NA,NA,NA
"61","60-80-0","rat",0.4129,0.7547,1,2.18,1,1.2,0.8,"Predicted","192","192","antipyrine",6.06235946319794,-2.12471892639588,"2compartment","analytic",NA,NA,NA,NA,NA,NA,NA,NA,NA
"62","60-80-0","rat",0.214655401982088,NA,NA,NA,1.11381275543858,2.90868921017985,0.0124625909883503,"Fitted geometric mean","192","192","antipyrine",6.06235946319794,-2.12471892639588,"2compartment","analytic",0.00778121623623333,0.624368760341327,0.0226332451478217,0.394861329447651,89.0795422613108,20.5454754487823,0.159868787143198,30.726035300001,NA
"63","60-80-0","rat",5.13080991509337,NA,NA,NA,0.0171761201961813,5.12434862206178,8.04906142643009,"Fitted geometric std dev","192","192","antipyrine",6.06235946319794,-2.12471892639588,"2compartment","analytic",NA,NA,NA,NA,NA,NA,NA,NA,NA
"64","741-58-2","rat",0.08538,1.771,1,2.18,1,1.2,0.8,"Predicted","192","192","bensulide",0,Inf,"2compartment","analytic",NA,NA,NA,NA,NA,NA,NA,NA,NA
"65","741-58-2","rat",8.64872574020403,NA,0.0351177619941367,19.9431981822044,0.00587337496895623,2.82963772878007,0.0145053463367334,"Fitted geometric mean","192","192","bensulide",0,Inf,"2compartment","analytic",0.3549858691944,24.4727634899904,1.00448152479839,15.1745420941824,1.95260499279299,0.0946015133179735,0.0335822004322865,0.143096426320181,0.0435718941657631
"66","741-58-2","rat",0.805434273420179,NA,0.4672345913473,0.561035968845962,1.54832485845209,0.521474723048396,0.401247881048197,"Fitted geometric std dev","192","192","bensulide",0,Inf,"2compartment","analytic",NA,NA,NA,NA,NA,NA,NA,NA,NA
"67","50-32-8","rat",0.02665,4.939,1,2.18,1,1.2,0.8,"Predicted","36, 46, 59","Joint Analysis","benzo(a)pyrene",0,Inf,"2compartment","analytic",NA,NA,NA,NA,NA,NA,NA,NA,NA
"68","50-32-8","rat",0.683504389165167,NA,NA,NA,0.584193223254435,1.57327141855331,0.0119558616771465,"Fitted geometric mean","36, 46, 59","Joint Analysis","benzo(a)pyrene",0,Inf,"2compartment","analytic",0.0128565914268651,1.07533949320071,0.0202269374248494,0.38446475803756,53.9137596852885,11.6882818703953,0.150271464489707,31.0578923260001,NA
"69","50-32-8","rat",0.55617629033848,NA,NA,NA,0.100764347573318,0.49583225713843,1.82742427712813,"Fitted geometric std dev","36, 46, 59","Joint Analysis","benzo(a)pyrene",0,Inf,"2compartment","analytic",NA,NA,NA,NA,NA,NA,NA,NA,NA
"70","50-32-8","rat",0.02665,4.939,1,2.18,1,1.2,0.8,"Predicted","36","36","benzo(a)pyrene",40.1858385778816,-70.3716771557632,"2compartment","analytic",NA,NA,NA,NA,NA,NA,NA,NA,NA
"71","50-32-8","rat",16.2371009715189,NA,NA,NA,0.145268405823519,1.86990430121828,0.0178367871994763,"Fitted geometric mean","36","36","benzo(a)pyrene",40.1858385778816,-70.3716771557632,"2compartment","analytic",0.541557410548818,30.3618268158631,1.01266059370895,13.653622661184,1.27991449670591,2.1039108276063,1.13938849982409,4.35547132655375,NA
"72","50-32-8","rat",0.118534800743336,NA,NA,NA,0.0305565096760944,0.11974545993316,0.380620547474142,"Fitted geometric std dev","36","36","benzo(a)pyrene",40.1858385778816,-70.3716771557632,"2compartment","analytic",NA,NA,NA,NA,NA,NA,NA,NA,NA
"73","50-32-8","rat",0.02665,4.939,1,2.18,1,1.2,0.8,"Predicted","59","59","benzo(a)pyrene",42.2050506975318,-74.4101013950636,"2compartment","analytic",NA,NA,NA,NA,NA,NA,NA,NA,NA
"74","50-32-8","rat",1.56292147699438,NA,NA,NA,3.09243850102268,1.2242052662852,0.0537874243711333,"Fitted geometric mean","59","59","benzo(a)pyrene",42.2050506975318,-74.4101013950636,"2compartment","analytic",0.102913453205187,1.91333792713203,0.125987271995444,0.327342631347392,6.73524363406562,11.1272736091387,1.1451461518754,46.9641081802613,NA
"75","50-32-8","rat",0.613934665559623,NA,NA,NA,1.52619568198353,0.196968668684114,0.307993802231734,"Fitted geometric std dev","59","59","benzo(a)pyrene",42.2050506975318,-74.4101013950636,"2compartment","analytic",NA,NA,NA,NA,NA,NA,NA,NA,NA
"76","50-32-8","rat",0.02665,4.939,1,2.18,1,1.2,0.8,"Predicted","46","46","benzo[a]pyrene",-32.1411684639627,74.2823369279254,"2compartment","analytic",NA,NA,NA,NA,NA,NA,NA,NA,NA
"77","50-32-8","rat",0.773436378090992,NA,NA,NA,0.603989601267962,1.27213189499249,0.0342574682397169,"Fitted geometric mean","46","46","benzo[a]pyrene",-32.1411684639627,74.2823369279254,"2compartment","analytic",0.0337063712708897,0.983914357448917,0.0428790053976883,0.201305345231127,20.5642777440886,3.43955759244653,0.11593500521861,13.8593242759645,NA
"78","50-32-8","rat",0.263893438471248,NA,NA,NA,0.101729422195657,0.205975725192029,1.60469345659214,"Fitted geometric std dev","46","46","benzo[a]pyrene",-32.1411684639627,74.2823369279254,"2compartment","analytic",NA,NA,NA,NA,NA,NA,NA,NA,NA
"79","119-61-9","Rat",0.05715,1.619,1,2.18,1,1.2,0.8,"Predicted","171","171","benzophenone",-72.0803833472685,158.160766694537,"2compartment","analytic",NA,NA,NA,NA,NA,NA,NA,NA,NA
"80","119-61-9","Rat",0.292010056227976,NA,0.35278233841024,10.5311811661732,1.91459869322019,8.18498702046252,0.0165462713278044,"Fitted geometric mean","171","171","benzophenone",-72.0803833472685,158.160766694537,"2compartment","analytic",0.0395472186132705,2.39010670505754,0.323694579546121,1.81394928789671,17.5270778796907,12.6438019472398,0.500027199710386,14.1370769339928,0.0293969290249419
"81","119-61-9","Rat",0.237662875600009,NA,0.109969617803161,0.141534506707519,0.109434048617672,0.200224991135685,0.290059683809502,"Fitted geometric std dev","171","171","benzophenone",-72.0803833472685,158.160766694537,"2compartment","analytic",NA,NA,NA,NA,NA,NA,NA,NA,NA
"82","111-91-1","Rat",0.25,5.56,1,2.19,1,1.2,0.8,"Predicted","155","155","bis 2-chloroethoxy methane",-2.92982457861145,15.8596491572229,"2compartment","analytic",NA,NA,NA,NA,NA,NA,NA,NA,NA
"83","111-91-1","Rat",3.44389823611652,NA,NA,NA,0.648189134447087,2.14820284870919,0.0798076610048229,"Fitted geometric mean","155","155","bis 2-chloroethoxy methane",-2.92982457861145,15.8596491572229,"2compartment","analytic",0.59043239930351,7.3981941496929,1.26836893044844,3.27635938243145,1.17396535382814,2.32254467978908,1.37130562777747,3.7807840820143,NA
"84","111-91-1","Rat",0.112454579882323,NA,NA,NA,0.137868737967829,0.0578520220889868,0.107211382582618,"Fitted geometric std dev","155","155","bis 2-chloroethoxy methane",-2.92982457861145,15.8596491572229,"2compartment","analytic",NA,NA,NA,NA,NA,NA,NA,NA,NA
"85","80-05-7","rat",0.003028,20.71,1,2.18,1,1.2,0.8,"Predicted","192","192","bisphenol a",24.3305403342801,-38.6610806685603,"2compartment","analytic",NA,NA,NA,NA,NA,NA,NA,NA,NA
"86","80-05-7","rat",4.37194225145698,NA,NA,NA,0.787442594411339,3.49468604358905,0.0944058067685074,"Fitted geometric mean","192","192","bisphenol a",24.3305403342801,-38.6610806685603,"2compartment","analytic",1.44238530885834,15.27856906423,5.04068496130725,7.30832716032416,0.480556184469583,1.92913031028875,2.78254921843383,2.38677801830131,NA
"87","80-05-7","rat",0.520170004651735,NA,NA,NA,0.5400406824786,0.258576067327663,0.508711155110925,"Fitted geometric std dev","192","192","bisphenol a",24.3305403342801,-38.6610806685603,"2compartment","analytic",NA,NA,NA,NA,NA,NA,NA,NA,NA
"88","188425-85-6","rat",0.1584,1.06,1,2.18,1,1.2,0.8,"Predicted","192","192","boscalid",116.768015154047,-219.536030308093,"2compartment","analytic",NA,NA,NA,NA,NA,NA,NA,NA,NA
"89","188425-85-6","rat",1.09837911477969,NA,0.210114470820928,3.69975336272106,1.90821192593881,3.09020151007002,0.039267453957474,"Fitted geometric mean","192","192","boscalid",116.768015154047,-219.536030308093,"2compartment","analytic",0.133282094811375,3.39421588932308,0.411868905629887,2.01724996372488,5.20060238804701,11.2542450587205,1.49998935694684,15.7255941166813,0.00583655449086561
"90","188425-85-6","rat",0.157112545559578,NA,0.229301283368362,0.162073670195418,0.0742944490422903,0.169481402084214,0.246092764577844,"Fitted geometric std dev","192","192","boscalid",116.768015154047,-219.536030308093,"2compartment","analytic",NA,NA,NA,NA,NA,NA,NA,NA,NA
"91","147536-97-8","rat",0.03409,1.904,1,2.18,1,1.2,0.8,"Predicted","192","192","bosentan",14.110396584934,-14.220793169868,"2compartment","analytic",NA,NA,NA,NA,NA,NA,NA,NA,NA
"92","147536-97-8","rat",0.289347902567903,NA,0.364356739567386,1.74346663763184,3.15601626549844,0.843081963022184,5.94507359327929e-08,"Fitted geometric mean","192","192","bosentan",14.110396584934,-14.220793169868,"2compartment","analytic",1.45026501892542e-08,0.243944840775263,1.22269650474024e-08,-0.0454030595169555,47794518.347656,-11719405.0359085,-0.169962431661965,62966883.6368121,-0.0893228619222278
"93","147536-97-8","rat",31995.8544614839,NA,0.349763922016228,0.855127476053032,0.288372259713082,31995.7439278935,36606.3653642081,"Fitted geometric std dev","192","192","bosentan",14.110396584934,-14.220793169868,"2compartment","analytic",NA,NA,NA,NA,NA,NA,NA,NA,NA
"94","5589-96-8","Rat",0.25,5.56,1,2.19,1,1.2,0.8,"Predicted","132","132","bromochloroacetic acid",-99999,200012,"2compartment","analytic",NA,NA,NA,NA,NA,NA,NA,NA,NA
"95","5589-96-8","Rat",0.497618788242353,NA,1.04198150838375,8.46014782796089,1.41556252596337,11.8471310973531,0.0479027216067221,"Fitted geometric mean","132","132","bromochloroacetic acid",-99999,200012,"2compartment","analytic",0.282403550334804,5.89536686794426,3.34567860653766,2.33447302349906,2.45445632584358,2.40328218423548,0.678695421284482,2.49434013140438,0.0639696317686784
"96","5589-96-8","Rat",0,NA,0,0,0,0,0,"Fitted geometric std dev","132","132","bromochloroacetic acid",-99999,200012,"2compartment","analytic",NA,NA,NA,NA,NA,NA,NA,NA,NA
"97","75-27-4","Rat",0.25,5.56,1,2.19,1,1.2,0.8,"Predicted","154","154","bromodichloromethane",58.6476765674985,-107.295353134997,"2compartment","analytic",NA,NA,NA,NA,NA,NA,NA,NA,NA
"98","75-27-4","Rat",2.01879857771379,NA,NA,NA,2.76380614066906,5.2794543522231,0.0227279685623061,"Fitted geometric mean","154","154","bromodichloromethane",58.6476765674985,-107.295353134997,"2compartment","analytic",0.242238210348798,10.6581602168272,1.27888620738914,7.60271364207309,2.86142792898728,19.1940612550839,4.64953504775673,23.0333930300482,NA
"99","75-27-4","Rat",0.155871936346445,NA,NA,NA,0.0992133039159222,0.154756913853351,0.19416896331307,"Fitted geometric std dev","154","154","bromodichloromethane",58.6476765674985,-107.295353134997,"2compartment","analytic",NA,NA,NA,NA,NA,NA,NA,NA,NA
"100","63-25-2","rat",0.5493,1.786,1,2.18,1,1.2,0.8,"Predicted","192","192","carbaryl",-43.5694350405802,101.13887008116,"2compartment","analytic",NA,NA,NA,NA,NA,NA,NA,NA,NA
"101","63-25-2","rat",6.42045145403607,NA,0.0783151492049582,1.88593496677521,25.9959123766134,1.95027117810948,0.200778837040692,"Fitted geometric mean","192","192","carbaryl",-43.5694350405802,101.13887008116,"2compartment","analytic",2.51407658682393,12.5216233715288,4.90313187051645,3.71211663380024,0.275706469799955,45.6771816739606,114.835932998607,66.3883886004745,2.84155937228535e-05
"102","63-25-2","rat",0.498849669867788,NA,1.6426120525712e-15,0.173326967683533,0.47534050714514,0.46482021431681,0.368175425805939,"Fitted geometric std dev","192","192","carbaryl",-43.5694350405802,101.13887008116,"2compartment","analytic",NA,NA,NA,NA,NA,NA,NA,NA,NA
"103","10605-21-7","rat",1.623,0.9448,1,2.18,1,1.2,0.8,"Predicted","192","192","carbendazim",-10.0426227854936,32.0852455709872,"2compartment","analytic",NA,NA,NA,NA,NA,NA,NA,NA,NA
"104","10605-21-7","rat",5.28763114927727e-05,NA,NA,1.24360321611257,38.5506043982064,11649.2897599789,0.402537532026034,"Fitted geometric mean","192","192","carbendazim",-10.0426227854936,32.0852455709872,"2compartment","analytic",0.24795163694973,0.627620763778192,2943.08720425239,-2942.21168472797,2.7954934643181,0.011468164035345,0.00284355004537182,0.00822101354711962,NA
"105","10605-21-7","rat",1.3024433399776,NA,NA,0.673278527221417,0.45759038759803,1.29135807572182,1.93777116491703,"Fitted geometric std dev","192","192","carbendazim",-10.0426227854936,32.0852455709872,"2compartment","analytic",NA,NA,NA,NA,NA,NA,NA,NA,NA
"106","1698-60-8","rat",0.1677,0.9053,1,2.18,1,1.2,0.8,"Predicted","192","192","chloridazon",-99999,200012,"2compartment","analytic",NA,NA,NA,NA,NA,NA,NA,NA,NA
"107","1698-60-8","rat",0.128539712413246,NA,1.0648020917437,2.89399531139011,8.72948923772112,1.92536261854244,0.24373257448652,"Fitted geometric mean","192","192","chloridazon",-99999,200012,"2compartment","analytic",0.0603202920237588,0.247487482641278,0.116139338923933,0.0631287233278583,11.4911111552134,13.4744922314316,0.812785306271821,18.6021320269676,0.0545860677848135
"108","1698-60-8","rat",0,NA,0,0,0,0,0,"Fitted geometric std dev","192","192","chloridazon",-99999,200012,"2compartment","analytic",NA,NA,NA,NA,NA,NA,NA,NA,NA
"109","2921-88-2","rat",0.2063,4.121,1,2.18,1,1.2,0.8,"Predicted","192","192","chlorpyrifos",48.0714441537367,-84.1428883074734,"2compartment","analytic",NA,NA,NA,NA,NA,NA,NA,NA,NA
"110","2921-88-2","rat",0.15834017543087,NA,NA,0.324779603510241,51.3052961621784,2.04866375086783,0.552572957972384,"Fitted geometric mean","192","192","chlorpyrifos",48.0714441537367,-84.1428883074734,"2compartment","analytic",0.179246808714092,0.324387826375027,0.367218758632806,-0.0219242989745558,3.86699872389667,48.2421828936036,8.64725732908002,45.3212509228534,NA
"111","2921-88-2","rat",23.3842138147363,NA,NA,1.35305756223249,22.1799017259484,24.7467085318179,4.58229666706734,"Fitted geometric std dev","192","192","chlorpyrifos",48.0714441537367,-84.1428883074734,"2compartment","analytic",NA,NA,NA,NA,NA,NA,NA,NA,NA
"112","113136-77-9","rat",0.001165,1.349,1,2.18,1,1.2,0.8,"Predicted","192","192","cyclanilide",86.1145347197244,-158.229069439449,"2compartment","analytic",NA,NA,NA,NA,NA,NA,NA,NA,NA
"113","113136-77-9","rat",0.219439565890881,NA,0.365055330462676,1.68546590462177,0.114110010893079,4.60085037620905,0.0576166373899889,"Fitted geometric mean","192","192","cyclanilide",86.1145347197244,-158.229069439449,"2compartment","analytic",0.0581702531469393,1.00961321013459,0.267633850694122,0.580710046696523,11.915835724645,0.361705109877753,0.0210404778061304,0.43046488367394,0.722922687851053
"114","113136-77-9","rat",0.128441706622589,NA,0.138033065121592,0.155072726672758,0.0722571368793991,0.200196508753195,0.187644168925109,"Fitted geometric std dev","192","192","cyclanilide",86.1145347197244,-158.229069439449,"2compartment","analytic",NA,NA,NA,NA,NA,NA,NA,NA,NA
"115","59865-13-3","rat",0.009118,0.1712,1,2.18,1,1.2,0.8,"Predicted","192","192","cyclosporin a",-33.3738422935685,76.747684587137,"2compartment","analytic",NA,NA,NA,NA,NA,NA,NA,NA,NA
"116","59865-13-3","rat",0.369344572253275,NA,NA,NA,0.31627002078087,39.0391441963648,0.00497980802656045,"Fitted geometric mean","192","192","cyclosporin a",-33.3738422935685,76.747684587137,"2compartment","analytic",0.0718033341063522,14.4189350534845,2.80314830345787,11.3182455118797,9.65341218742411,1.59327050585313,0.114402134453569,1.62684110697181,NA
"117","59865-13-3","rat",0.235321713146399,NA,NA,NA,0.118836723744922,0.212489782117544,0.285362021215963,"Fitted geometric std dev","192","192","cyclosporin a",-33.3738422935685,76.747684587137,"2compartment","analytic",NA,NA,NA,NA,NA,NA,NA,NA,NA
"118","84-74-2","Rat",0.07627,4.649,1,2.18,1,1.2,0.8,"Predicted","135","135","di-n-butyl phthalate",-18.3450806110619,50.6901612221237,"2compartment","analytic",NA,NA,NA,NA,NA,NA,NA,NA,NA
"119","84-74-2","Rat",1.23809967903299,NA,0.452303208323332,2.09534978014541,2.47601783526901,6.60951527734072,0.999858705810152,"Fitted geometric mean","135","135","di-n-butyl phthalate",-18.3450806110619,50.6901612221237,"2compartment","analytic",8.18208249935062,8.18324535295449,54.0796429594397,-38.9524147861676,0.0847152519685493,0.692594934165846,5.66686888997726,0.374667071295093,0.00332564020438238
"120","84-74-2","Rat",2.0485564754459,NA,5.98942740891943e-21,0.436339128229676,0.817902001020264,0.802972752028613,0.552319061890294,"Fitted geometric std dev","135","135","di-n-butyl phthalate",-18.3450806110619,50.6901612221237,"2compartment","analytic",NA,NA,NA,NA,NA,NA,NA,NA,NA
"121","962-58-3","rat",1.394,1.295,1,2.18,1,1.2,0.8,"Predicted","192","192","diazinon-o-analog",86.0149507999541,-158.029901599908,"2compartment","analytic",NA,NA,NA,NA,NA,NA,NA,NA,NA
"122","962-58-3","rat",6.94515768526183e-05,NA,0.578677305323895,1.90496062341886,1.94398837017228,2230.68122473219,3.20757910216213e-06,"Fitted geometric mean","192","192","diazinon-o-analog",86.0149507999541,-158.029901599908,"2compartment","analytic",4.96932038555378e-07,0.157155009737913,0.00112445768544573,0.155961597407653,1394853.07201158,271.573993552436,0.000134953818234637,271.693203932091,178.665225659448
"123","962-58-3","rat",1.12651861850684,NA,0.142449904721109,0.291768982433796,0.102224875494498,1.11040646736085,1.20060427687106,"Fitted geometric std dev","192","192","diazinon-o-analog",86.0149507999541,-158.029901599908,"2compartment","analytic",NA,NA,NA,NA,NA,NA,NA,NA,NA
"124","631-64-1","Rat",0.25,5.56,1,2.19,1,1.2,0.8,"Predicted","133, 153","Joint Analysis","dibromoacetic acid",-99999,200014,"2compartment","analytic",NA,NA,NA,NA,NA,NA,NA,NA,NA
"125","631-64-1","Rat",1.6417760877326,NA,1.03360462952634,5.77310171688439,0.34299794979908,3.07853065312736,0.0932327458891232,"Fitted geometric mean","133, 153","Joint Analysis","dibromoacetic acid",-99999,200014,"2compartment","analytic",0.471222352858819,5.05426109018697,1.45067334131413,2.43303401399907,1.47095564621404,0.918265761529273,0.432707352697519,1.19503208772898,0.0995288369728792
"126","631-64-1","Rat",0,NA,0,0,0,0,0,"Fitted geometric std dev","133, 153","Joint Analysis","dibromoacetic acid",-99999,200014,"2compartment","analytic",NA,NA,NA,NA,NA,NA,NA,NA,NA
"127","631-64-1","Rat",0.25,5.56,1,2.19,1,1.2,0.8,"Predicted","133","133","dibromoacetic acid",-99999,200012,"2compartment","analytic",NA,NA,NA,NA,NA,NA,NA,NA,NA
"128","631-64-1","Rat",5.62861621800259,NA,1.00216801603127,4.08631133012188,0.171224639784806,2.29500109001536,0.0259065029778995,"Fitted geometric mean","133","133","dibromoacetic acid",-99999,200012,"2compartment","analytic",0.334651924599751,12.9176826505951,0.768026668182495,6.85569168900981,2.0712481525064,1.69963945733833,0.568787615523951,2.87988119466839,0.0734140468749557
"129","631-64-1","Rat",0,NA,0,0,0,0,0,"Fitted geometric std dev","133","133","dibromoacetic acid",-99999,200012,"2compartment","analytic",NA,NA,NA,NA,NA,NA,NA,NA,NA
"130","631-64-1","Rat",0.25,5.56,1,2.19,1,1.2,0.8,"Predicted","153","153","dibromoacetic acid",-819.961813689716,1653.92362737943,"2compartment","analytic",NA,NA,NA,NA,NA,NA,NA,NA,NA
"131","631-64-1","Rat",1.03967095982496,NA,0.999589330536622,3.84076241679515,0.441961099694957,2.78709979355433,0.184639558254423,"Fitted geometric mean","153","153","dibromoacetic acid",-819.961813689716,1653.92362737943,"2compartment","analytic",0.535023902686375,2.89766950459238,1.49116644299011,0.901856004463675,1.29554432443042,0.709258739990573,0.379470379084177,0.858829144675621,0.10975706599167
"132","631-64-1","Rat",0.160656624543639,NA,0.127164580155459,0.112687321004476,0.130319607662555,0.195795517767046,0.222983521374582,"Fitted geometric std dev","153","153","dibromoacetic acid",-819.961813689716,1653.92362737943,"2compartment","analytic",NA,NA,NA,NA,NA,NA,NA,NA,NA
"133","79-43-6","Rat",0.25,5.56,1,2.19,1,1.2,0.8,"Predicted","134","134","dichloroacetic acid",-2660.71625157476,5335.43250314951,"2compartment","analytic",NA,NA,NA,NA,NA,NA,NA,NA,NA
"134","79-43-6","Rat",3.74300551898233,NA,0.999917753425061,1.12952140558381,0.326077580155744,1.82170143376671,0.0135291294187914,"Fitted geometric mean","134","134","dichloroacetic acid",-2660.71625157476,5335.43250314951,"2compartment","analytic",0.0922502430041636,6.81864034222826,0.168052444843729,2.99983262140637,7.51377078246461,6.14674959102742,0.567039143458023,13.2304278275371,0.0734750681795365
"135","79-43-6","Rat",0.584172412263931,NA,1.09869544590989,0.210277247844556,0.101957614667718,0.500965966420066,1.34808751589466,"Fitted geometric std dev","134","134","dichloroacetic acid",-2660.71625157476,5335.43250314951,"2compartment","analytic",NA,NA,NA,NA,NA,NA,NA,NA,NA
"136","15307-86-5","rat",0.1108,3.191,1,2.18,1,1.2,0.8,"Predicted","192","192","diclofenac",-99999,200012,"2compartment","analytic",NA,NA,NA,NA,NA,NA,NA,NA,NA
"137","15307-86-5","rat",1.30189214114591,NA,1.02561283930358,8.25682240788373,0.0642631941771029,21.0679556928168,0.013005012214379,"Fitted geometric mean","192","192","diclofenac",-99999,200012,"2compartment","analytic",0.356704153352585,27.4282270144442,7.51503307066456,18.9680059559863,1.94319907420535,0.226464030612571,0.0807806603044709,0.234546603054006,0.529011128941599
"138","15307-86-5","rat",0,NA,0,0,0,0,0,"Fitted geometric std dev","192","192","diclofenac",-99999,200012,"2compartment","analytic",NA,NA,NA,NA,NA,NA,NA,NA,NA
"139","34933-06-7","rat",0.25,5.56,1,2.19,1,1.2,0.8,"Predicted","192","192","diltiazem",11.9054845683469,-9.81096913669385,"2compartment","analytic",NA,NA,NA,NA,NA,NA,NA,NA,NA
"140","34933-06-7","rat",3.38411080317966,NA,0.143658092116622,64.2055990147523,0.651847065953265,3.43931677081015,0.0525622229669938,"Fitted geometric mean","192","192","diltiazem",11.9054845683469,-9.81096913669385,"2compartment","analytic",0.611773239501694,11.6390324789724,2.1040825843043,6.76261233099012,1.13301324053424,2.7469116984058,1.68048706835882,3.60578488151949,0.00356191603666331
"141","34933-06-7","rat",0.241949427727883,NA,0.105429453986331,3.76840100083779,0.268202766535916,0.0618830412053212,0.124654202548293,"Fitted geometric std dev","192","192","diltiazem",11.9054845683469,-9.81096913669385,"2compartment","analytic",NA,NA,NA,NA,NA,NA,NA,NA,NA
"142","87674-68-8","rat",1.258,1.82,1,2.18,1,1.2,0.8,"Predicted","192","192","dimethenamid",185.045848212909,-356.091696425818,"2compartment","analytic",NA,NA,NA,NA,NA,NA,NA,NA,NA
"143","87674-68-8","rat",0.805859837547721,NA,0.59962136069951,1.72589698149444,9.73906409281195,2.02119924897735,0.0157325603502695,"Fitted geometric mean","192","192","dimethenamid",185.045848212909,-356.091696425818,"2compartment","analytic",0.0256252461913068,1.62880531963172,0.0517937926281148,0.796776935647187,27.0493861945838,159.561296646024,4.08879750915851,306.272983646993,0.00611040857526384
"144","87674-68-8","rat",NA,NA,NA,NA,NA,NA,0.39939049334543,"Fitted geometric std dev","192","192","dimethenamid",185.045848212909,-356.091696425818,"2compartment","analytic",NA,NA,NA,NA,NA,NA,NA,NA,NA
"145","76-22-2","Rat",0.25,5.56,1,2.19,1,1.2,0.8,"Predicted","165","165","dl-camphor",17.5519925025392,-25.1039850050785,"2compartment","analytic",NA,NA,NA,NA,NA,NA,NA,NA,NA
"146","76-22-2","Rat",3.60885487399284,NA,NA,NA,0.426058085306311,5.19844586889908,0.0106741442135918,"Fitted geometric mean","165","165","dl-camphor",17.5519925025392,-25.1039850050785,"2compartment","analytic",0.20025160696493,18.7604419096102,1.0409974274236,14.3108412151587,3.46138136450179,6.28318073194286,1.25821703842264,7.678249483566,NA
"147","76-22-2","Rat",0.630970610772325,NA,NA,NA,0.646699279197307,0.222350133720531,0.418111486352855,"Fitted geometric std dev","165","165","dl-camphor",17.5519925025392,-25.1039850050785,"2compartment","analytic",NA,NA,NA,NA,NA,NA,NA,NA,NA
"148","518-82-1","Rat",0.25,5.56,1,2.19,1,1.2,0.8,"Predicted","160","160","emodin",-87.1934727896654,188.386945579331,"2compartment","analytic",NA,NA,NA,NA,NA,NA,NA,NA,NA
"149","518-82-1","Rat",1.86028044397775,NA,0.999598826600632,1.88709755480352,0.715902165262514,1.23696327095695,0.052230214862155,"Fitted geometric mean","160","160","emodin",-87.1934727896654,188.386945579331,"2compartment","analytic",0.12018687340282,2.30109981984322,0.148666827966751,0.412339421301546,5.76724529838448,2.70151448086859,0.324686578908039,11.0809006019781,0.128277402929415
"150","518-82-1","Rat",0.172105791811296,NA,0.933204281649022,0.24233834953265,0.0904391904837973,0.178098970743856,0.586555971106628,"Fitted geometric std dev","160","160","emodin",-87.1934727896654,188.386945579331,"2compartment","analytic",NA,NA,NA,NA,NA,NA,NA,NA,NA
"151","153233-91-1","rat",0.1173,0.8906,1,2.18,1,1.2,0.8,"Predicted","192","192","etoxazole",301.695655695466,-589.391311390933,"2compartment","analytic",NA,NA,NA,NA,NA,NA,NA,NA,NA
"152","153233-91-1","rat",0.711286246305005,NA,0.861362957139974,1.84374271198324,3.92427285543541,2.220351845402,0.0322180876479974,"Fitted geometric mean","192","192","etoxazole",301.695655695466,-589.391311390933,"2compartment","analytic",0.0508822104189916,1.57930794994422,0.112976568635899,0.805927345422311,13.6225839021575,31.9183856460848,1.62407801467861,54.8577053912233,0.0220987679716039
"153","153233-91-1","rat",0.183732635817629,NA,0.279549642339095,0.161777743298332,0.107156310816472,0.176103152640699,0.202770366789372,"Fitted geometric std dev","192","192","etoxazole",301.695655695466,-589.391311390933,"2compartment","analytic",NA,NA,NA,NA,NA,NA,NA,NA,NA
"154","60168-88-9","rat",0.004486,1.63,1,2.18,1,1.2,0.8,"Predicted","192","192","fenarimol",110.542968819398,-207.085937638797,"2compartment","analytic",NA,NA,NA,NA,NA,NA,NA,NA,NA
"155","60168-88-9","rat",0.263310220092748,NA,0.188569494315373,2.69830558346053,3.03767495795994,7.85182992216838,0.0443261899942677,"Fitted geometric mean","192","192","fenarimol",110.542968819398,-207.085937638797,"2compartment","analytic",0.0916429379272874,2.0674749167669,0.719567494937168,1.17624013966427,7.56356350240442,8.00320667242052,0.733437372299887,8.72790506111107,0.0107126559947479
"156","60168-88-9","rat",0.272276989473092,NA,0.236707347823831,0.367642563461158,0.178662989119251,0.513475346644521,0.518688036543806,"Fitted geometric std dev","192","192","fenarimol",110.542968819398,-207.085937638797,"2compartment","analytic",NA,NA,NA,NA,NA,NA,NA,NA,NA
"157","142459-58-3","rat",0.388,2.786,1,2.18,1,1.2,0.8,"Predicted","192","192","flufenacet",330.079583184862,-646.159166369724,"2compartment","analytic",NA,NA,NA,NA,NA,NA,NA,NA,NA
"158","142459-58-3","rat",4.67360620430005,NA,0.165276700290332,9336.7866595191,0.773491762610288,6.20188569860966,0.000889321785007725,"Fitted geometric mean","192","192","flufenacet",330.079583184862,-646.159166369724,"2compartment","analytic",0.0257771444387988,28.9851776812675,0.159866937652309,24.177481683754,26.8899909454922,117.752544452775,3.03532434639527,140.240355532526,0.0022687951575726
"159","142459-58-3","rat",0.766975752173139,NA,0.266903583927938,0.369654261106326,0.680466469894656,0.557592644143476,0.55290491393397,"Fitted geometric std dev","192","192","flufenacet",330.079583184862,-646.159166369724,"2compartment","analytic",NA,NA,NA,NA,NA,NA,NA,NA,NA
"160","23422-53-9","rat",1.711,0.7479,1,2.18,1,1.2,0.8,"Predicted","192","192","formetanate hydrochloride",0,Inf,"2compartment","analytic",NA,NA,NA,NA,NA,NA,NA,NA,NA
"161","23422-53-9","rat",9.12509533285635e-11,NA,0.205364171879412,2233.66772823547,25.2408645068106,1.08618276972307,0.335793376342816,"Fitted geometric mean","192","192","formetanate hydrochloride",0,Inf,"2compartment","analytic",3.32822320961939e-11,1.08628188493629e-06,3.96202828546491e-07,6.90021087668571e-07,20826342973.5295,69.1999872737514,2.30313003749866e-09,69.2036802828186,3715309.32064469
"162","23422-53-9","rat",2.70848227010527,NA,1.25558889036762e-08,1.34474417784412e-15,1.0345871454579,0.674398917606805,1.9140053269111e-11,"Fitted geometric std dev","192","192","formetanate hydrochloride",0,Inf,"2compartment","analytic",NA,NA,NA,NA,NA,NA,NA,NA,NA
"163","25812-30-0","Rat",0.1125,3.574,1,2.18,1,1.2,0.8,"Predicted","163","163","gemfibrozil",-305.11369820971,624.227396419421,"2compartment","analytic",NA,NA,NA,NA,NA,NA,NA,NA,NA
"164","25812-30-0","Rat",0.238461990977508,NA,0.366303996007137,4.30831496971258,0.233847434781208,11.2862934950534,0.0151602185388239,"Fitted geometric mean","163","163","gemfibrozil",-305.11369820971,624.227396419421,"2compartment","analytic",0.0408014847515225,2.69136330388042,0.460499463054646,2.03320333459979,16.988283264228,1.26633372918616,0.0516682963417277,1.36670822698013,0.295397130947612
"165","25812-30-0","Rat",0.351099419320347,NA,0.193308027941644,0.140713238211044,0.272314983545678,0.263432335970197,0.27513132374881,"Fitted geometric std dev","163","163","gemfibrozil",-305.11369820971,624.227396419421,"2compartment","analytic",NA,NA,NA,NA,NA,NA,NA,NA,NA
"166","118-74-1","Rat",0.25,5.56,1,2.19,1,1.2,0.8,"Predicted","174, 180","Joint Analysis","hexachlorobenzene",-99999,200014,"2compartment","analytic",NA,NA,NA,NA,NA,NA,NA,NA,NA
"167","118-74-1","Rat",0.000272176012250118,NA,1.01305353179185,3.92489546226003,4.22188413598443,23.3203230408656,0.0524455769643294,"Fitted geometric mean","174, 180","Joint Analysis","hexachlorobenzene",-99999,200014,"2compartment","analytic",0.000332884272144114,0.00637055285268819,0.00779149063134163,-0.00136022951875944,2082.24671023167,3.48483243454904,0.00116004590851906,3.45193715795862,36.3869770279588
"168","118-74-1","Rat",0,NA,0,0,0,0,0,"Fitted geometric std dev","174, 180","Joint Analysis","hexachlorobenzene",-99999,200014,"2compartment","analytic",NA,NA,NA,NA,NA,NA,NA,NA,NA
"169","118-74-1","Rat",0.25,5.56,1,2.19,1,1.2,0.8,"Predicted","174","174","hexachlorobenzene",-99999,200012,"2compartment","analytic",NA,NA,NA,NA,NA,NA,NA,NA,NA
"170","118-74-1","Rat",0.000284504126489235,NA,1.09974040353674,2.42909393615952,3.0893616427798,29.3599161663571,0.0552944060178899,"Fitted geometric mean","174","174","hexachlorobenzene",-99999,200012,"2compartment","analytic",0.000461875130210318,0.00838237721887296,0.0136082791389159,-0.00504853091632187,1500.72418977033,1.94324040246291,0.000897534413917507,1.90297350538918,51.053771424794
"171","118-74-1","Rat",0,NA,0,0,0,0,0,"Fitted geometric std dev","174","174","hexachlorobenzene",-99999,200012,"2compartment","analytic",NA,NA,NA,NA,NA,NA,NA,NA,NA
"172","118-74-1","Rat",0.25,5.56,1,2.19,1,1.2,0.8,"Predicted","180","180","hexachlorobenzene",15.5990656811542,-19.1981313623084,"2compartment","analytic",NA,NA,NA,NA,NA,NA,NA,NA,NA
"173","118-74-1","Rat",0.000429483628820801,NA,NA,44.3868946208773,7.08268900600693,40.2473139447052,0.0164354849891561,"Fitted geometric mean","180","180","hexachlorobenzene",15.5990656811542,-19.1981313623084,"2compartment","analytic",0.000284096602065354,0.0173258097572067,0.0114607480931641,0.0057196746372872,2439.82918317514,10.61742132384,0.00301637332079917,10.7072698300323,NA
"174","118-74-1","Rat",0.234250069751197,NA,NA,NA,0.0562669940461771,0.515583072639297,0.50124145793394,"Fitted geometric std dev","180","180","hexachlorobenzene",15.5990656811542,-19.1981313623084,"2compartment","analytic",NA,NA,NA,NA,NA,NA,NA,NA,NA
"175","15687-27-1","rat",0.02128,2.539,1,2.18,1,1.2,0.8,"Predicted","192","192","ibuprofen",-41.00300383161,92.0060076632201,"2compartment","analytic",NA,NA,NA,NA,NA,NA,NA,NA,NA
"176","15687-27-1","rat",0.853894496303829,NA,NA,NA,0.181541183759078,2.45945558532056,0.0714343136229678,"Fitted geometric mean","192","192","ibuprofen",-41.00300383161,92.0060076632201,"2compartment","analytic",0.150020315572601,2.10011804766453,0.368968735147162,1.02727513178614,4.62035543595762,0.686984398063769,0.10306161619098,1.03330683629538,NA
"177","15687-27-1","rat",0.0970245058761725,NA,NA,NA,0.0589676343186271,0.114430718276073,0.165403259366147,"Fitted geometric std dev","192","192","ibuprofen",-41.00300383161,92.0060076632201,"2compartment","analytic",NA,NA,NA,NA,NA,NA,NA,NA,NA
"178","35554-44-0","rat",0.1958,2.662,1,2.18,1,1.2,0.8,"Predicted","192","192","imazalil",73.2950516051756,-132.590103210351,"2compartment","analytic",NA,NA,NA,NA,NA,NA,NA,NA,NA
"179","35554-44-0","rat",3.42611230562638,NA,0.0179316516358035,62.3761568299162,3.09480277243246,3.46646469074748,0.0410459675912474,"Fitted geometric mean","192","192","imazalil",73.2950516051756,-132.590103210351,"2compartment","analytic",0.48748232466846,11.876500800454,1.68984075905055,7.2480300604455,1.42189192404332,16.3689668648785,7.97958201971194,21.7508232105211,9.36329935134604e-05
"180","35554-44-0","rat",0.173356279431197,NA,0.38531829686754,49.3053223088459,0.141414805655165,0.113215547189035,0.208372830184456,"Fitted geometric std dev","192","192","imazalil",73.2950516051756,-132.590103210351,"2compartment","analytic",NA,NA,NA,NA,NA,NA,NA,NA,NA
"181","138261-41-3","rat",0.2646,0.9918,1,2.18,1,1.2,0.8,"Predicted","192","192","imidacloprid",-99999,200012,"2compartment","analytic",NA,NA,NA,NA,NA,NA,NA,NA,NA
"182","138261-41-3","rat",0.0629743216183437,NA,1.06824367326586,2.41373732324736,3.5719895753689,1.98141909154162,0.269885975444728,"Fitted geometric mean","192","192","imidacloprid",-99999,200012,"2compartment","analytic",0.0336759734298889,0.12478050455056,0.0667272762584036,0.0287548801037013,20.5828402259264,5.11127212563587,0.172127064295845,6.67964716164686,0.258588928096991
"183","138261-41-3","rat",0,NA,0,0,0,0,0,"Fitted geometric std dev","192","192","imidacloprid",-99999,200012,"2compartment","analytic",NA,NA,NA,NA,NA,NA,NA,NA,NA
"184","50-49-7","rat",0.07704,4.9,1,2.18,1,1.2,0.8,"Predicted","192","192","imipramine",17.4755906460923,-20.9511812921846,"2compartment","analytic",NA,NA,NA,NA,NA,NA,NA,NA,NA
"185","50-49-7","rat",0.276255308989289,NA,0.163579691720491,2.22320064685298,4.31759728586438,6.97454388949858,0.0118312168883036,"Fitted geometric mean","192","192","imipramine",17.4755906460923,-20.9511812921846,"2compartment","analytic",0.0227958536602529,1.92676175179668,0.15899125737284,1.5143110390948,30.4067218052257,45.4405202716101,1.03585545035738,52.3235141826467,0.00657989537633102
"186","50-49-7","rat",0.905298658996004,NA,0.430468312269432,0.289741969097503,0.0923750075008351,0.877041986191551,1.10316717026276,"Fitted geometric std dev","192","192","imipramine",17.4755906460923,-20.9511812921846,"2compartment","analytic",NA,NA,NA,NA,NA,NA,NA,NA,NA
"187","97-54-1","Rat",0.6466,0.1729,1,2.18,1,1.2,0.8,"Predicted","157","157","isoeugenol",29.3620419190365,-44.724083838073,"2compartment","analytic",NA,NA,NA,NA,NA,NA,NA,NA,NA
"188","97-54-1","Rat",1.95269942775143,NA,0.396775336258396,6.39239497072744,1.43567738765631,2.97873823338382,0.0130342481789015,"Fitted geometric mean","157","157","isoeugenol",29.3620419190365,-44.724083838073,"2compartment","analytic",0.075814753056381,5.81658342248813,0.225832419234934,3.71386632855814,9.14264246227214,25.0457238404745,1.89883536808389,36.9775841811068,0.00870655031779606
"189","97-54-1","Rat",0.0996084400076971,NA,0.103155591318794,0.0488154058362905,0.02839993008504,0.0938283263559196,0.170920745762434,"Fitted geometric std dev","157","157","isoeugenol",29.3620419190365,-44.724083838073,"2compartment","analytic",NA,NA,NA,NA,NA,NA,NA,NA,NA
"190","299-42-3","Rat",0.25,5.56,1,2.19,1,1.2,0.8,"Predicted","136","136","l-ephedrine",33.6828952037452,-53.3657904074904,"2compartment","analytic",NA,NA,NA,NA,NA,NA,NA,NA,NA
"191","299-42-3","Rat",0.420647868601638,NA,0.85772939414661,4.25309799192059,7.83806539403979,5.16888729829293,0.0829552904515924,"Fitted geometric mean","136","136","l-ephedrine",33.6828952037452,-53.3657904074904,"2compartment","analytic",0.180368147140101,2.1742865939563,0.932304841118435,1.00170203137633,3.84295781461647,16.2595662604852,2.93270783970542,18.2796439074251,0.0121862547207221
"192","299-42-3","Rat",0.239256013540589,NA,0.188192452090061,0.17075085696908,0.206315887759009,0.271053149476442,0.301723027760928,"Fitted geometric std dev","136","136","l-ephedrine",33.6828952037452,-53.3657904074904,"2compartment","analytic",NA,NA,NA,NA,NA,NA,NA,NA,NA
"193","67-56-1","rat",1.179,0.8291,1,2.18,1,1.2,0.8,"Predicted","17","17","methanol",-18.9141341611435,47.8282683222871,"2compartment","analytic",NA,NA,NA,NA,NA,NA,NA,NA,NA
"194","67-56-1","rat",0.292929511881367,NA,NA,NA,1.02747325251419,0.698726687586159,0.265243353542195,"Fitted geometric mean","17","17","methanol",-18.9141341611435,47.8282683222871,"2compartment","analytic",0.0542893909316733,0.204678366259785,0.0379335757935987,-0.0718953304835067,12.7676359720505,-0.919892043455007,-0.0499403787620646,5.54394206980407,NA
"195","67-56-1","rat",504.428078344942,NA,NA,NA,0.0303191601750194,504.426832309391,1.3279627437958,"Fitted geometric std dev","17","17","methanol",-18.9141341611435,47.8282683222871,"2compartment","analytic",NA,NA,NA,NA,NA,NA,NA,NA,NA
"196","1634-04-4","human",0.4444,1.223,1,2.18,1,1.2,0.8,"Predicted","51","51","methyl tert-butyl ether",76.9722857809579,-141.944571561916,"2compartment","analytic",NA,NA,NA,NA,NA,NA,NA,NA,NA
"197","1634-04-4","human",1.35643795582741,NA,NA,2.03306592179365,0.232656597534462,1.25892944243638,0.056922296928419,"Fitted geometric mean","51","51","methyl tert-butyl ether",76.9722857809579,-141.944571561916,"2compartment","analytic",0.0972039113251658,1.70766093835878,0.122372956103565,0.326053937752976,7.13085688744802,0.852553363827509,0.0828715215774609,3.24662079197323,NA
"198","1634-04-4","human",1.10679151707836,NA,NA,0.439415628954589,3.99737097602826,0.749928954617198,0.60968557752228,"Fitted geometric std dev","51","51","methyl tert-butyl ether",76.9722857809579,-141.944571561916,"2compartment","analytic",NA,NA,NA,NA,NA,NA,NA,NA,NA
"199","75-09-2","rat",2.18,0.8225,1,2.18,1,1.2,0.8,"Predicted","18","18","methylene chloride",-150.846969116077,313.693938232154,"2compartment","analytic",NA,NA,NA,NA,NA,NA,NA,NA,NA
"200","75-09-2","rat",0.379069198471241,NA,NA,14.3770324034387,1.52287145688906,3.17291361456886,0.100630956446777,"Fitted geometric mean","18","18","methylene chloride",-150.846969116077,313.693938232154,"2compartment","analytic",0.121034267346363,1.20275699360672,0.384032287782801,0.560689774699041,5.72686723980715,3.74627423114134,0.45342755684475,4.76950598532305,NA
"201","75-09-2","rat",1.47226120656971,NA,NA,0.420679841659314,0.234628584088227,0.85196105304247,2.3109998884592,"Fitted geometric std dev","18","18","methylene chloride",-150.846969116077,313.693938232154,"2compartment","analytic",NA,NA,NA,NA,NA,NA,NA,NA,NA
"202","93-15-2","Rat",0.6212,1.13,1,2.18,1,1.2,0.8,"Predicted","158, 170","Joint Analysis","methyleugenol",0,Inf,"2compartment","analytic",NA,NA,NA,NA,NA,NA,NA,NA,NA
"203","93-15-2","Rat",0.317754014104354,NA,0.0328162104175481,15.0684763606753,1.46161073027273,5.58864251123858,0.0763429900042013,"Fitted geometric mean","158, 170","Joint Analysis","methyleugenol",0,Inf,"2compartment","analytic",0.135570919253017,1.77581917998281,0.757659787039995,0.835976298091476,5.11280136167196,3.07430279661264,0.416786056198897,3.42575442551498,0.00328068101222334
"204","93-15-2","Rat",0.152035593451992,NA,0.24929548235382,0.226458313738821,0.282334582850301,0.222052407311057,0.269813702526392,"Fitted geometric std dev","158, 170","Joint Analysis","methyleugenol",0,Inf,"2compartment","analytic",NA,NA,NA,NA,NA,NA,NA,NA,NA
"205","93-15-2","Rat",0.6212,1.13,1,2.18,1,1.2,0.8,"Predicted","158","158","methyleugenol",-271.27255257672,552.54510515344,"2compartment","analytic",NA,NA,NA,NA,NA,NA,NA,NA,NA
"206","93-15-2","Rat",0.0507794296085327,NA,NA,NA,1.66080136335018,16.569895545406,0.00471175209841948,"Fitted geometric mean","158","158","methyleugenol",-271.27255257672,552.54510515344,"2compartment","analytic",0.00396451460030613,0.841426414364229,0.065692886480743,0.72891861287526,174.837842823538,20.0888091871412,0.0796423773251853,21.2723509499709,NA
"207","93-15-2","Rat",38.0649209294838,NA,NA,NA,0.229798401124184,37.8743226672111,41.2253958873408,"Fitted geometric std dev","158","158","methyleugenol",-271.27255257672,552.54510515344,"2compartment","analytic",NA,NA,NA,NA,NA,NA,NA,NA,NA
"208","93-15-2","Rat",0.6212,1.13,1,2.18,1,1.2,0.8,"Predicted","170","170","methyleugenol",-76.4096323480923,164.819264696185,"2compartment","analytic",NA,NA,NA,NA,NA,NA,NA,NA,NA
"209","93-15-2","Rat",0.299235210138319,NA,NA,16.2472024209684,45.301670067652,6.92364064514631,0.0655552950316409,"Fitted geometric mean","170","170","methyleugenol",-76.4096323480923,164.819264696185,"2compartment","analytic",0.135817267735076,2.07180398701321,0.940353097714342,0.968032946895626,5.10352764504137,91.9368215670989,12.4866079094906,99.809508675676,NA
"210","93-15-2","Rat",0.185291005851058,NA,NA,0.250626725244369,0.170835393385996,0.252138089596307,0.338986714903027,"Fitted geometric std dev","170","170","methyleugenol",-76.4096323480923,164.819264696185,"2compartment","analytic",NA,NA,NA,NA,NA,NA,NA,NA,NA
"211","59467-70-8","rat",0.516,1.68,1,2.18,1,1.2,0.8,"Predicted","192","192","midazolam",31.7060354553464,-49.4120709106929,"2compartment","analytic",NA,NA,NA,NA,NA,NA,NA,NA,NA
"212","59467-70-8","rat",3.99782339506856,NA,0.170954798956342,9.55714439508118,1.06471524925911,2.94341142870123,0.076429777636503,"Fitted geometric mean","192","192","midazolam",31.7060354553464,-49.4120709106929,"2compartment","analytic",0.899367465590107,11.7672420143854,2.64720913898242,6.02157694592449,0.770705197908339,3.48661108835304,3.13574457803044,4.73281911502265,0.00227158700140525
"213","59467-70-8","rat",NA,NA,0.154866288330632,NA,0.0284196458010812,NA,0.0170163517317774,"Fitted geometric std dev","192","192","midazolam",31.7060354553464,-49.4120709106929,"2compartment","analytic",NA,NA,NA,NA,NA,NA,NA,NA,NA
"214","91-20-3","Rat",0.06727,0.8574,1,2.18,1,1.2,0.8,"Predicted","169","169","naphthalene",0,Inf,"2compartment","analytic",NA,NA,NA,NA,NA,NA,NA,NA,NA
"215","91-20-3","Rat",1.10435953278098,NA,NA,NA,0.948283135840217,3.51488830863087,0.0476955242462193,"Fitted geometric mean","169","169","naphthalene",0,Inf,"2compartment","analytic",0.185139736035875,3.88170392518521,0.650746082906988,2.31173804553312,3.74391362654655,4.31700445532393,0.79924906532437,5.65651406480158,NA
"216","91-20-3","Rat",0.144563715671902,NA,NA,NA,0.115036968715439,0.1452797919838,0.208188533929699,"Fitted geometric std dev","169","169","naphthalene",0,Inf,"2compartment","analytic",NA,NA,NA,NA,NA,NA,NA,NA,NA
"217","75530-68-6","rat",4.735,0.3282,1,2.18,1,1.2,0.8,"Predicted","192","192","nilvadipine",92.9776428711705,-171.955285742341,"2compartment","analytic",NA,NA,NA,NA,NA,NA,NA,NA,NA
"218","75530-68-6","rat",0.37369911950693,NA,0.0340970754066328,5.04552443140444,1.77491217090869,5.82909871273767,0.0449975742016298,"Fitted geometric mean","192","192","nilvadipine",92.9776428711705,-171.955285742341,"2compartment","analytic",0.0980195233540321,2.17833488556776,0.571367006351355,1.33128828306351,7.07152164019814,5.91046734005772,0.579341191472032,6.76684697879044,0.0024522880406044
"219","75530-68-6","rat",0.72804341662659,NA,0.354805251009284,0.544617537919235,0.411113190478337,0.485672613816111,0.655504022660574,"Fitted geometric std dev","192","192","nilvadipine",92.9776428711705,-171.955285742341,"2compartment","analytic",NA,NA,NA,NA,NA,NA,NA,NA,NA
"220","14797-65-0","Rat",0.25,5.56,1,2.19,1,1.2,0.8,"Predicted","137","137","nitrite",-391.306604212174,796.613208424349,"2compartment","analytic",NA,NA,NA,NA,NA,NA,NA,NA,NA
"221","14797-65-0","Rat",0.44301248745456,NA,0.487644763221441,18.3027269311427,1.91134993541429,2.39544225343799,0.238732035149357,"Fitted geometric mean","137","137","nitrite",-391.306604212174,796.613208424349,"2compartment","analytic",0.253345021466691,1.06121322669157,0.606874738998163,0.264671021705541,2.73598106071754,2.74493042202019,0.695414456691279,3.34228746387789,0.0292178737519596
"222","14797-65-0","Rat",0.234732767984162,NA,0.10669513271915,0.332172504297123,0.168549719132667,1.44133294503842,0.726646206585189,"Fitted geometric std dev","137","137","nitrite",-391.306604212174,796.613208424349,"2compartment","analytic",NA,NA,NA,NA,NA,NA,NA,NA,NA
"223","116714-46-6","rat",0.001544,2.125,1,2.18,1,1.2,0.8,"Predicted","192","192","novaluron",157.360610381893,-300.721220763786,"2compartment","analytic",NA,NA,NA,NA,NA,NA,NA,NA,NA
"224","116714-46-6","rat",0.0549166619476851,NA,0.688959924035175,0.335347339138679,2.53251678130045,3.37769203613081,0.0830662171155063,"Fitted geometric mean","192","192","novaluron",157.360610381893,-300.721220763786,"2compartment","analytic",0.0154080831688909,0.18549494940362,0.0520447074977519,0.093941663127074,44.9859449071132,7.10375658205953,0.10945527222793,9.02626020583239,0.262268440040849
"225","116714-46-6","rat",0.238998577222041,NA,0.204512841180565,0.173133585658841,0.0958011780556715,0.229966767195362,0.320803581406778,"Fitted geometric std dev","192","192","novaluron",157.360610381893,-300.721220763786,"2compartment","analytic",NA,NA,NA,NA,NA,NA,NA,NA,NA
"226","140-66-9","rat",0.0587,11.99,1,2.18,1,1.2,0.8,"Predicted","60","60","octylphenol",156.752389077402,-299.504778154805,"2compartment","analytic",NA,NA,NA,NA,NA,NA,NA,NA,NA
"227","140-66-9","rat",0.310680028633066,NA,0.103077919895659,2.18166139165444,7.72557388859516,6.73440891331283,0.0200270043166329,"Fitted geometric mean","60","60","octylphenol",156.752389077402,-299.504778154805,"2compartment","analytic",0.0419014267633139,2.09225308842372,0.282182250145361,1.5412922364086,16.542328844201,49.9230085258159,2.09184528554877,57.2816178903256,0.00205316968642787
"228","140-66-9","rat",0.202770991815828,NA,0.126231386933758,0.118354180088574,0.0811625267125325,0.211294977557886,0.232388026130466,"Fitted geometric std dev","60","60","octylphenol",156.752389077402,-299.504778154805,"2compartment","analytic",NA,NA,NA,NA,NA,NA,NA,NA,NA
"229","99614-02-5","rat",0.02437,3.673,1,2.18,1,1.2,0.8,"Predicted","192","192","ondansetron",0,Inf,"2compartment","analytic",NA,NA,NA,NA,NA,NA,NA,NA,NA
"230","99614-02-5","rat",39.6549997904465,NA,0.252629594566839,6474.51704541158,0.0199219112269845,2.68052921266859,0.00871743414241242,"Fitted geometric mean","192","192","ondansetron",0,Inf,"2compartment","analytic",0.926631739010336,106.296388047188,2.48386350843993,65.0841564873116,0.748028749047861,0.541931588255398,0.502171010049733,0.852553773276864,0.0209614511716022
"231","99614-02-5","rat",0.678603190100837,NA,0.149464550480718,0.240240625293924,0.449759363533525,0.434566813548995,0.385144437264663,"Fitted geometric std dev","192","192","ondansetron",0,Inf,"2compartment","analytic",NA,NA,NA,NA,NA,NA,NA,NA,NA
"232","604-75-1","Rat",0.09954,0.4797,1,2.18,1,1.2,0.8,"Predicted","159","159","oxazepam",-327.873137728068,669.746275456135,"2compartment","analytic",NA,NA,NA,NA,NA,NA,NA,NA,NA
"233","604-75-1","Rat",0.188787529604352,NA,0.240938012679547,1.24438642241759,1.8137468612751,6.27792984466271,0.0189438183145864,"Fitted geometric mean","159","159","oxazepam",-327.873137728068,669.746275456135,"2compartment","analytic",0.0224521162165247,1.18520114433315,0.14095355709296,0.877912173852363,30.8722426819522,13.1104497089356,0.294357340515925,15.250802461808,0.0341050909213004
"234","604-75-1","Rat",0.34708036408265,NA,0.163864995210776,0.19641211196245,0.0710777374815787,0.361268053807325,0.390474919004372,"Fitted geometric std dev","159","159","oxazepam",-327.873137728068,669.746275456135,"2compartment","analytic",NA,NA,NA,NA,NA,NA,NA,NA,NA
"235","434-07-1","Rat",0.25,5.56,1,2.19,1,1.2,0.8,"Predicted","168","168","oxymetholone",-58.5949291806919,131.189858361384,"2compartment","analytic",NA,NA,NA,NA,NA,NA,NA,NA,NA
"236","434-07-1","Rat",2.28026170548172,NA,0.164898724601911,12.5744021356404,0.40262701064098,5.82975560845725,0.00807199763418375,"Fitted geometric mean","168","168","oxymetholone",-58.5949291806919,131.189858361384,"2compartment","analytic",0.107304038810164,13.293374296038,0.625556596398987,10.4948600329674,6.45965602269846,7.157434084043,0.768021584735341,8.55601489130756,0.00894607694406656
"237","434-07-1","Rat",NA,NA,0.082898531643737,NA,0.0424988326853933,NA,NA,"Fitted geometric std dev","168","168","oxymetholone",-58.5949291806919,131.189858361384,"2compartment","analytic",NA,NA,NA,NA,NA,NA,NA,NA,NA
"238","87-86-5","Rat",0.002635,6.91,1,2.18,1,1.2,0.8,"Predicted","161","161","pentachlorophenol, purified",-1426.64606770887,2867.29213541773,"2compartment","analytic",NA,NA,NA,NA,NA,NA,NA,NA,NA
"239","87-86-5","Rat",0.0825325781022895,NA,0.352641418422749,0.498751852688799,0.0777740323377293,10.3095225990107,0.0887280949244602,"Fitted geometric mean","161","161","pentachlorophenol, purified",-1426.64606770887,2867.29213541773,"2compartment","analytic",0.0754962053661159,0.850881788622771,0.778339265938558,0.0655061499480396,9.18121880693944,0.0843196065459579,0.00636581033218373,0.0850227023612044,2.30817314175944
"240","87-86-5","Rat",0.0768484931148553,NA,0.0781502930771612,0.081275565705707,0.0565577343988001,NA,NA,"Fitted geometric std dev","161","161","pentachlorophenol, purified",-1426.64606770887,2867.29213541773,"2compartment","analytic",NA,NA,NA,NA,NA,NA,NA,NA,NA
"241","335-67-1","rat",0.002857,0.3202,1,2.18,1,1.2,0.8,"Predicted","192","192","pentadecafluorooctanoic acid",77.2098964279668,-140.419792855934,"2compartment","analytic",NA,NA,NA,NA,NA,NA,NA,NA,NA
"242","335-67-1","rat",0.000355649397212969,NA,0.943125855453686,1.34624897385495,0.868853296677835,43.0475206403345,0.999385189383552,"Fitted geometric mean","192","192","pentadecafluorooctanoic acid",77.2098964279668,-140.419792855934,"2compartment","analytic",0.0153004121244449,0.0153528722878881,0.660496756467137,-0.630199121452017,45.302517012109,0.0398551541800624,0.000609800284238249,0.0201960018277078,64.4422635732165
"243","335-67-1","rat",2.67587920681236,NA,0.0643381465938155,0.122746076783303,0.0612702709101886,2.8365120585063,1.53732531433086,"Fitted geometric std dev","192","192","pentadecafluorooctanoic acid",77.2098964279668,-140.419792855934,"2compartment","analytic",NA,NA,NA,NA,NA,NA,NA,NA,NA
"244","3871-99-6","Rat",0.002525,0.1671,1,2.18,1,1.2,0.8,"Predicted","143","143","perfluorohexane-1-sulphonic acid  potassium salt",-99999,200012,"2compartment","analytic",NA,NA,NA,NA,NA,NA,NA,NA,NA
"245","3871-99-6","Rat",0.000559305083142552,NA,1.01308371869114,3.33042107055139,0.232419416695366,11.1617232573177,0.0202581042943588,"Fitted geometric mean","143","143","perfluorohexane-1-sulphonic acid  potassium salt",-99999,200012,"2compartment","analytic",0.000126467466785727,0.00625397027770555,0.00141411870232023,0.00440701395902849,5480.8339107032,0.956740233643157,0.000120996513720835,1.02787985307709,348.868081517808
"246","3871-99-6","Rat",0,NA,0,0,0,0,0,"Fitted geometric std dev","143","143","perfluorohexane-1-sulphonic acid  potassium salt",-99999,200012,"2compartment","analytic",NA,NA,NA,NA,NA,NA,NA,NA,NA
"247","307-24-4","Rat",0.00943,0.5474,1,2.18,1,1.2,0.8,"Predicted","145","145","perfluorohexanoic acid",-99999,200012,"2compartment","analytic",NA,NA,NA,NA,NA,NA,NA,NA,NA
"248","307-24-4","Rat",0.169970490242853,NA,1.00162726719357,1.80213340471991,3.66446249925878,2.31713001236303,0.11856387456912,"Fitted geometric mean","145","145","perfluorohexanoic acid",-99999,200012,"2compartment","analytic",0.0466956379108772,0.393846041287786,0.108200500630021,0.162370688325789,14.8439385683707,9.16352484078366,0.427896637952563,13.338515444726,0.0975339971496236
"249","307-24-4","Rat",0,NA,0,0,0,0,0,"Fitted geometric std dev","145","145","perfluorohexanoic acid",-99999,200012,"2compartment","analytic",NA,NA,NA,NA,NA,NA,NA,NA,NA
"250","45298-90-6","Rat",0.25,5.56,1,2.19,1,1.2,0.8,"Predicted","148","148","perfluorooctane sulfonate",-538.760960146757,1091.52192029351,"2compartment","analytic",NA,NA,NA,NA,NA,NA,NA,NA,NA
"251","45298-90-6","Rat",0.0149006071550325,NA,0.914292522214937,0.602373491368635,0.200883272896205,0.0570059169405133,7.23597105574187e-08,"Fitted geometric mean","148","148","perfluorooctane sulfonate",-538.760960146757,1091.52192029351,"2compartment","analytic",6.14639860561593e-11,0.000849479779759941,3.5040460294613e-12,-0.0140511273173126,11277289760.0006,-805536348.251986,-0.0495114748766895,48699782.1896646,-0.769428134666443
"252","45298-90-6","Rat",276.769702670546,NA,0.0764446582847592,0.108442718619928,0.0742704668764061,276.751141689596,264.987807525301,"Fitted geometric std dev","148","148","perfluorooctane sulfonate",-538.760960146757,1091.52192029351,"2compartment","analytic",NA,NA,NA,NA,NA,NA,NA,NA,NA
"253","335-67-1","Rat",0.002857,0.3202,1,2.18,1,1.2,0.8,"Predicted","146","146","perfluorooctanoic acid",-1438.87208039833,2891.74416079666,"2compartment","analytic",NA,NA,NA,NA,NA,NA,NA,NA,NA
"254","335-67-1","Rat",6.93759929682838e-06,NA,0.517987687103989,2.17366052416649,0.00554580726810233,8383.93224152027,4.00935584099577e-06,"Fitted geometric mean","146","146","perfluorooctanoic acid",-1438.87208039833,2891.74416079666,"2compartment","analytic",2.33201626220165e-07,0.0665482946649481,0.00223696553721969,0.0643046247300578,2972308.52029113,0.164967599542913,3.84707124870443e-08,0.164984220852768,561019.510706176
"255","335-67-1","Rat",2.32626359591931,NA,0.204391619695329,0.481848217514184,0.522840258144189,2.03356230986221,2.34042295721545,"Fitted geometric std dev","146","146","perfluorooctanoic acid",-1438.87208039833,2891.74416079666,"2compartment","analytic",NA,NA,NA,NA,NA,NA,NA,NA,NA
"256","52645-53-1","rat",0.08166,3.403,1,2.18,1,1.2,0.8,"Predicted","192","192","permethrin",-99999,200012,"2compartment","analytic",NA,NA,NA,NA,NA,NA,NA,NA,NA
"257","52645-53-1","rat",0.099300806281907,NA,1.03252767784212,2.55537964163933,101.879923070827,4.59724499536369,0.337571746851717,"Fitted geometric mean","192","192","permethrin",-99999,200012,"2compartment","analytic",0.154104923631281,0.456514731960072,0.708465223389429,-0.197146374079983,4.49789120442642,73.52954430577,11.3312648098836,65.6485092525509,0.00379675060980212
"258","52645-53-1","rat",0,NA,0,0,0,0,0,"Fitted geometric std dev","192","192","permethrin",-99999,200012,"2compartment","analytic",NA,NA,NA,NA,NA,NA,NA,NA,NA
"259","62-44-2","human",0.4148,1.388,0.91,2.18,1,1.2,0.8,"Predicted","14","14","phenacetin",-69.3911401925559,152.782280385112,"2compartment","analytic",NA,NA,NA,NA,NA,NA,NA,NA,NA
"260","62-44-2","human",0.00035087078262073,NA,0.131852955159712,5.05074632418484,1.01820394135357,4870.4089970979,3.05512041295808e-05,"Fitted geometric mean","14","14","phenacetin",-69.3911401925559,152.782280385112,"2compartment","analytic",5.22084705319509e-05,1.71375462549188,0.255001306166612,1.45845465701318,13276.5272281966,6.84172030830905,0.000357195753104203,6.84291284786061,15.3805667730097
"261","62-44-2","human",6.97271528981284,NA,0.212416103836941,0.634846223587305,0.121645111785149,6.94691202013172,6.9679273053515,"Fitted geometric std dev","14","14","phenacetin",-69.3911401925559,152.782280385112,"2compartment","analytic",NA,NA,NA,NA,NA,NA,NA,NA,NA
"262","62-44-2","human",0.4148,1.388,0.91,2.18,1,1.2,0.8,"Predicted","14","14","phenacetin",-69.3911402421503,152.782280484301,"2compartment","analytic",NA,NA,NA,NA,NA,NA,NA,NA,NA
"263","62-44-2","human",0.000351350599364363,NA,0.131855538128982,5.05026052993499,1.01818722092453,4863.89812939868,3.05920723555701e-05,"Fitted geometric mean","14","14","phenacetin",-69.3911402421503,152.782280484301,"2compartment","analytic",5.22798179868251e-05,1.71379742114083,0.255007441016537,1.45849090934291,13258.4084499801,6.84161260728903,0.000357678261845438,6.842806729494,15.3601192508264
"264","62-44-2","human",6.97834570850353,NA,0.212416281772528,0.634775667203794,0.121644500017261,6.95255444937932,6.9735631304382,"Fitted geometric std dev","14","14","phenacetin",-69.3911402421503,152.782280484301,"2compartment","analytic",NA,NA,NA,NA,NA,NA,NA,NA,NA
"265","62-44-2","rat",1.132,1.029,1,2.18,1,1.2,0.8,"Predicted","1, 192, 62, 63, 67","Joint Analysis","phenacetin",-118.288848147679,258.577696295357,"2compartment","analytic",NA,NA,NA,NA,NA,NA,NA,NA,NA
"266","62-44-2","rat",0.515712729580446,NA,0.279134668415131,10.6088970198332,1.01591370071673,1.08771328852704,5.73303427846849e-07,"Fitted geometric mean","1, 192, 62, 63, 67","Joint Analysis","phenacetin",-118.288848147679,258.577696295357,"2compartment","analytic",3.21593175631722e-07,0.560948676740494,3.49801848921101e-07,0.0452359189513746,2155354.13398733,131377.650911358,0.0422501559636193,1629137.89008624,0.275279721901586
"267","62-44-2","rat",15.9074123915769,NA,0.133695790656948,0.35447920237016,0.0734256588978269,15.9064644916486,56.3604539378537,"Fitted geometric std dev","1, 192, 62, 63, 67","Joint Analysis","phenacetin",-118.288848147679,258.577696295357,"2compartment","analytic",NA,NA,NA,NA,NA,NA,NA,NA,NA
"268","62-44-2","rat",1.132,1.029,1,2.18,1,1.2,0.8,"Predicted","67","67","phenacetin",-8.70940493668172,29.4188098733634,"2compartment","analytic",NA,NA,NA,NA,NA,NA,NA,NA,NA
"269","62-44-2","rat",8.73642975909053,NA,NA,9.58343464675326,0.194254811112672,1.09861234136448,0.0141465675710572,"Fitted geometric mean","67","67","phenacetin",-8.70940493668172,29.4188098733634,"2compartment","analytic",0.135778041892293,9.59795065141306,0.149167449583363,0.848131484631464,5.10500203788318,1.29874256501586,0.176340722400028,12.4990277440994,NA
"270","62-44-2","rat",0.0548032141117197,NA,NA,0.0614985685450748,0.501461727169694,0.00247115958634297,0.325944797335334,"Fitted geometric std dev","67","67","phenacetin",-8.70940493668172,29.4188098733634,"2compartment","analytic",NA,NA,NA,NA,NA,NA,NA,NA,NA
"271","62-44-2","rat",1.132,1.029,1,2.18,1,1.2,0.8,"Predicted","63","63","phenacetin",-16.0251136937702,44.0502273875404,"2compartment","analytic",NA,NA,NA,NA,NA,NA,NA,NA,NA
"272","62-44-2","rat",0.809220809824219,NA,NA,3.96495730668514,4.78009829893578,1.95967468845925,0.173690502639115,"Fitted geometric mean","63","63","phenacetin",-16.0251136937702,44.0502273875404,"2compartment","analytic",0.275440055812345,1.58581149806171,0.539773572591214,0.512257171458618,2.5165082780559,9.31651830585118,2.56614232214038,14.0435457184903,NA
"273","62-44-2","rat",0.554916496094906,NA,NA,0.332736270852741,0.784755651817782,0.173225225919713,0.46506844008805,"Fitted geometric std dev","63","63","phenacetin",-16.0251136937702,44.0502273875404,"2compartment","analytic",NA,NA,NA,NA,NA,NA,NA,NA,NA
"274","62-44-2","rat",1.132,1.029,1,2.18,1,1.2,0.8,"Predicted","1","1","phenacetin",-43.3801051373365,98.760210274673,"2compartment","analytic",NA,NA,NA,NA,NA,NA,NA,NA,NA
"275","62-44-2","rat",0.000578567089464298,NA,NA,11.5716012303077,3.58125795642648,921.000797074118,2.87073275141218e-05,"Fitted geometric mean","1","1","phenacetin",-43.3801051373365,98.760210274673,"2compartment","analytic",1.52970080856741e-05,0.533781751354544,0.0141129074141014,0.519105573859065,45312.5981680752,135.308258783384,0.00206981152866791,135.451192865028,NA
"276","62-44-2","rat",9.41985570916932,NA,NA,0.428359260039848,0.175150902525357,9.40397921766772,9.89826365113078,"Fitted geometric std dev","1","1","phenacetin",-43.3801051373365,98.760210274673,"2compartment","analytic",NA,NA,NA,NA,NA,NA,NA,NA,NA
"277","62-44-2","rat",1.132,1.029,1,2.18,1,1.2,0.8,"Predicted","192","192","phenacetin",-5.80138510857641,21.6027702171528,"2compartment","analytic",NA,NA,NA,NA,NA,NA,NA,NA,NA
"278","62-44-2","rat",1.04987978025298,NA,NA,NA,0.795755329570467,9.31229115423073,0.0899568979747881,"Fitted geometric mean","192","192","phenacetin",-5.80138510857641,21.6027702171528,"2compartment","analytic",0.879489357874114,9.77679550294665,8.19006876852241,1.41633631204538,0.788124579739553,0.933367992006954,0.820887215950447,0.949923297041371,NA
"279","62-44-2","rat",0.0358911102110521,NA,NA,NA,0.0259379099403316,0.0841711910155837,0.0848004897278354,"Fitted geometric std dev","192","192","phenacetin",-5.80138510857641,21.6027702171528,"2compartment","analytic",NA,NA,NA,NA,NA,NA,NA,NA,NA
"280","77-09-8","Rat",0.2569,0.4114,1,2.18,1,1.2,0.8,"Predicted","139","139","phenolphthalein",0,Inf,"2compartment","analytic",NA,NA,NA,NA,NA,NA,NA,NA,NA
"281","77-09-8","Rat",1.15335006463278,NA,NA,NA,0.229607126692971,2.19123176926602,0.0437089676802197,"Fitted geometric mean","139","139","phenolphthalein",0,Inf,"2compartment","analytic",0.110463807763679,2.52725949394012,0.242052014794329,1.2423212222767,6.27488038473953,1.40805551316488,0.155539173526833,2.39732270480864,NA
"282","77-09-8","Rat",0.221824904840328,NA,NA,NA,0.245213104516192,0.203878055454265,0.360424376001249,"Fitted geometric std dev","139","139","phenolphthalein",0,Inf,"2compartment","analytic",NA,NA,NA,NA,NA,NA,NA,NA,NA
"283","57-41-0","rat",0.533,0.9996,1,2.18,1,1.2,0.8,"Predicted","192","192","phenytoin",-106.125058603746,226.250117207493,"2compartment","analytic",NA,NA,NA,NA,NA,NA,NA,NA,NA
"284","57-41-0","rat",1.30680543614224e-05,NA,0.619858865249607,7.74619379571059,0.935833768595916,52556.684405201,4.25781096306743e-06,"Fitted geometric mean","192","192","phenytoin",-106.125058603746,226.250117207493,"2compartment","analytic",2.92432251340201e-06,0.739370293268487,0.165453642489313,0.573906507047327,237028.295402881,4.18194598003611,1.22293587792506e-05,4.18200335469804,2111.92207089015
"285","57-41-0","rat",NA,NA,0.278171375147832,2.17526343093683,0.261296486060481,NA,NA,"Fitted geometric std dev","192","192","phenytoin",-106.125058603746,226.250117207493,"2compartment","analytic",NA,NA,NA,NA,NA,NA,NA,NA,NA
"286","29420-49-3","Rat",0.03077,0.1975,1,2.18,1,1.2,0.8,"Predicted","144","144","potassium perfluorobutane sulfonate",-973.107076685142,1960.21415337028,"2compartment","analytic",NA,NA,NA,NA,NA,NA,NA,NA,NA
"287","29420-49-3","Rat",0.253787688899237,NA,0.356655884482857,2.79854408445362,0.127931684899738,1.39098945325663,0.230554494876537,"Fitted geometric mean","144","144","potassium perfluorobutane sulfonate",-973.107076685142,1960.21415337028,"2compartment","analytic",0.0813894252463724,0.353017389614666,0.11321227821307,0.0674068477487318,8.5164280059938,0.204102500842913,0.016611785234952,0.398915295806649,0.89458547912026
"288","29420-49-3","Rat",0.10146927857871,NA,0.0995507368233759,0.117907853544927,0.114754318068721,0.143524739565065,0.18320891542248,"Fitted geometric std dev","144","144","potassium perfluorobutane sulfonate",-973.107076685142,1960.21415337028,"2compartment","analytic",NA,NA,NA,NA,NA,NA,NA,NA,NA
"289","125-33-7","Rat",0.25,5.56,1,2.19,1,1.2,0.8,"Predicted","140","140","primidone",-351.202535003883,714.405070007766,"2compartment","analytic",NA,NA,NA,NA,NA,NA,NA,NA,NA
"290","125-33-7","Rat",0.0898745444923645,NA,NA,1.43409163394593,1.23482506114824,3.16534606449467,0.999256078450513,"Fitted geometric mean","140","140","primidone",-351.202535003883,714.405070007766,"2compartment","analytic",0.284272401902509,0.284487201053221,0.899830540568602,-0.420945482105236,2.43832034316739,0.657167372010219,0.186814547293305,0.390397868930359,NA
"291","125-33-7","Rat",2.43702429110612,NA,NA,0.396187898672748,0.442518310841326,2.61937412189979,1.0217604725688,"Fitted geometric std dev","140","140","primidone",-351.202535003883,714.405070007766,"2compartment","analytic",NA,NA,NA,NA,NA,NA,NA,NA,NA
"292","25606-41-1","rat",0.294,0.827,1,2.18,1,1.2,0.8,"Predicted","192","192","propamocarb hydrochloride",122.044010177203,-230.088020354406,"2compartment","analytic",NA,NA,NA,NA,NA,NA,NA,NA,NA
"293","25606-41-1","rat",2.97356678082234,NA,0.027684845010658,7.85196390684591,6.19391317307875,2.0709883542457,0.262688550515832,"Fitted geometric mean","192","192","propamocarb hydrochloride",122.044010177203,-230.088020354406,"2compartment","analytic",1.61769445655187,6.1582242446433,3.35022750691605,1.45212441345678,0.428478429750815,8.87860623195065,14.3628720833335,11.385348067535,8.03136867114458e-05
"294","25606-41-1","rat",0.0972766577467624,NA,0.343894060588206,0.424172684855946,0.0915321538443977,0.319165868922852,0.281539416061191,"Fitted geometric std dev","192","192","propamocarb hydrochloride",122.044010177203,-230.088020354406,"2compartment","analytic",NA,NA,NA,NA,NA,NA,NA,NA,NA
"295","94-13-3","rat",1.087,0.8059,1,2.18,1,1.2,0.8,"Predicted","64","64","propylparaben",0,Inf,"2compartment","analytic",NA,NA,NA,NA,NA,NA,NA,NA,NA
"296","94-13-3","rat",0.263765049544638,NA,NA,207.082770957421,0.176256156347752,0.497943099886862,0.999351317748201,"Fitted geometric mean","64","64","propylparaben",0,Inf,"2compartment","analytic",0.131254788493932,0.131340484355169,0.0653576640441545,-0.0665274407396922,5.2809287075419,-0.00315464677564618,-0.000414062495310504,0.354198230365985,NA
"297","94-13-3","rat",2.42944853316939,NA,NA,NA,1.9632956715135,0.886704428056726,4.28758969794225,"Fitted geometric std dev","64","64","propylparaben",0,Inf,"2compartment","analytic",NA,NA,NA,NA,NA,NA,NA,NA,NA
"298","23950-58-5","rat",0.02496,2.47,1,2.18,1,1.2,0.8,"Predicted","192","192","propyzamide",-99999,200012,"2compartment","analytic",NA,NA,NA,NA,NA,NA,NA,NA,NA
"299","23950-58-5","rat",0.138495635755601,NA,1.06922439443232,3.31238450895206,8.83224565523487,3.07263799494529,0.16719172819071,"Fitted geometric mean","192","192","propyzamide",-99999,200012,"2compartment","analytic",0.0711479304242553,0.425550025194758,0.218613412757826,0.139588907105586,9.74233792081803,14.4718059308345,1.02963904148034,17.1927344882316,0.0432685772779438
"300","23950-58-5","rat",0,NA,0,0,0,0,0,"Fitted geometric std dev","192","192","propyzamide",-99999,200012,"2compartment","analytic",NA,NA,NA,NA,NA,NA,NA,NA,NA
"301","110-86-1","Rat",0.25,5.56,1,2.19,1,1.2,0.8,"Predicted","149, 162","Joint Analysis","pyridine",-1417.0742975865,2850.14859517301,"2compartment","analytic",NA,NA,NA,NA,NA,NA,NA,NA,NA
"302","110-86-1","Rat",0.0925218243761437,NA,0.664395524584783,8.77988860115703,0.824591642673537,0.982068522721604,0.0110422401727047,"Fitted geometric mean","149, 162","Joint Analysis","pyridine",-1417.0742975865,2850.14859517301,"2compartment","analytic",0.00100332854438617,0.0908637534531098,0.000985348031173056,-0.00164009040982072,690.847663448077,-0.547923247884624,-0.000549747034735421,76.0396218889121,-50.3561549377387
"303","110-86-1","Rat",NA,NA,0.0925000005884271,0.132836201979133,0.104889221613667,NA,1.56875903444014,"Fitted geometric std dev","149, 162","Joint Analysis","pyridine",-1417.0742975865,2850.14859517301,"2compartment","analytic",NA,NA,NA,NA,NA,NA,NA,NA,NA
"304","110-86-1","Rat",0.25,5.56,1,2.19,1,1.2,0.8,"Predicted","162","162","pyridine",-99999,200012,"2compartment","analytic",NA,NA,NA,NA,NA,NA,NA,NA,NA
"305","110-86-1","Rat",0.267843463605408,NA,1.1483735169784,2.62237338018885,0.791052346973369,7.6318717102863,0.297820131977509,"Fitted geometric mean","162","162","pyridine",-99999,200012,"2compartment","analytic",0.608788115227155,2.04415458454692,4.64621014083295,-2.26111090466428,1.13856884394222,0.40608114815,0.247217376811517,0.348032747694946,0.193549891831622
"306","110-86-1","Rat",0,NA,0,0,0,0,0,"Fitted geometric std dev","162","162","pyridine",-99999,200012,"2compartment","analytic",NA,NA,NA,NA,NA,NA,NA,NA,NA
"307","110-86-1","Rat",0.25,5.56,1,2.19,1,1.2,0.8,"Predicted","149","149","pyridine",-99999,200012,"2compartment","analytic",NA,NA,NA,NA,NA,NA,NA,NA,NA
"308","110-86-1","Rat",0.296602651332911,NA,1.02793227855308,1.22226771818264,0.576675505605157,1.10517091807565,0.0775199857361033,"Fitted geometric mean","149","149","pyridine",-99999,200012,"2compartment","analytic",0.0254107896538204,0.327797729648183,0.0280833604138642,0.0285225075552277,27.2776718080359,1.16236864286297,0.0295367050839875,6.7311361138878,1.45007750473825
"309","110-86-1","Rat",0,NA,0,0,0,0,0,"Fitted geometric std dev","149","149","pyridine",-99999,200012,"2compartment","analytic",NA,NA,NA,NA,NA,NA,NA,NA,NA
"310","123343-16-8","rat",0.04086,0.1839,1,2.18,1,1.2,0.8,"Predicted","192","192","pyrithiobac sodium",-99999,200012,"2compartment","analytic",NA,NA,NA,NA,NA,NA,NA,NA,NA
"311","123343-16-8","rat",0.170100788913881,NA,1.01438407975456,3.98793276827604,1.18118772709609,3.58655627685209,0.166761792282317,"Fitted geometric mean","192","192","pyrithiobac sodium",-99999,200012,"2compartment","analytic",0.101737375889485,0.61007963873285,0.364888969208186,0.176827256500268,6.81310260363794,1.75359797465012,0.178406456306019,1.97489823654087,0.236908485254638
"312","123343-16-8","rat",0,NA,0,0,0,0,0,"Fitted geometric std dev","192","192","pyrithiobac sodium",-99999,200012,"2compartment","analytic",NA,NA,NA,NA,NA,NA,NA,NA,NA
"313","10453-86-8","rat",0.2128,2.036,1,2.18,1,1.2,0.8,"Predicted","192","192","resmethrin",139.113356797827,-264.226713595654,"2compartment","analytic",NA,NA,NA,NA,NA,NA,NA,NA,NA
"314","10453-86-8","rat",0.985738165891275,NA,0.999835232900463,2.45074114205133,19.6206877826607,2.28018835181611,0.0943431794914215,"Fitted geometric mean","192","192","resmethrin",139.113356797827,-264.226713595654,"2compartment","analytic",0.212052210073543,2.24767096399421,0.483519469901172,0.990465538275304,3.26875716277397,59.8126889237045,12.6834128767129,91.2080132609683,0.0032845892328666
"315","10453-86-8","rat",0.65531138282133,NA,0.465878431606665,0.699904045158124,0.66620334031282,0.443509438171851,0.709187961092762,"Fitted geometric std dev","192","192","resmethrin",139.113356797827,-264.226713595654,"2compartment","analytic",NA,NA,NA,NA,NA,NA,NA,NA,NA
"316","28434-00-6","rat",1.248,0.3724,1,2.18,1,1.2,0.8,"Predicted","192","192","s-bioallethrin",98.0351705277003,-182.070341055401,"2compartment","analytic",NA,NA,NA,NA,NA,NA,NA,NA,NA
"317","28434-00-6","rat",0.757296546171016,NA,0.0597068877924723,24.554553423822,15.222559783744,5.63710325166793,0.0710191258616397,"Fitted geometric mean","192","192","s-bioallethrin",98.0351705277003,-182.070341055401,"2compartment","analytic",0.303177723941517,4.26896446000078,1.70904639023402,2.10579924753727,2.2862734489479,33.9790166718509,10.3016809363426,38.0238752314628,0.000241493306454145
"318","28434-00-6","rat",0.30871357710708,NA,0.349725338780345,21.5178310076442,0.279815494481433,0.478900885705366,0.546824685160065,"Fitted geometric std dev","192","192","s-bioallethrin",98.0351705277003,-182.070341055401,"2compartment","analytic",NA,NA,NA,NA,NA,NA,NA,NA,NA
"319","122-34-9","rat",0.3629,2.061,1,2.18,1,1.2,0.8,"Predicted","192","192","simazine",-99999,200012,"2compartment","analytic",NA,NA,NA,NA,NA,NA,NA,NA,NA
"320","122-34-9","rat",1.86163333849783,NA,1.02437917315361,2.00448914323147,3.85189070952427,1.14841195867986,0.175669825210158,"Fitted geometric mean","192","192","simazine",-99999,200012,"2compartment","analytic",0.375568382051722,2.13792313701997,0.431307452932396,0.220550727641467,1.84559513975404,5.82156986300308,2.18639757444913,19.0932157865006,0.019521822584724
"321","122-34-9","rat",0,NA,0,0,0,0,0,"Fitted geometric std dev","192","192","simazine",-99999,200012,"2compartment","analytic",NA,NA,NA,NA,NA,NA,NA,NA,NA
"322","1229-55-6","rat",0.25,5.56,1,2.19,1,1.2,0.8,"Predicted","66","66","solvent red1",36.0001528707999,-60.0003057415999,"2compartment","analytic",NA,NA,NA,NA,NA,NA,NA,NA,NA
"323","1229-55-6","rat",1.0659778808026,NA,NA,1.19043436874583,0.937756487623264,1.06023983985837,0.0507564496014827,"Fitted geometric mean","66","66","solvent red1",36.0001528707999,-60.0003057415999,"2compartment","analytic",0.0573645443343643,1.13019327787455,0.0608202323543721,0.060759709051946,12.0831985785463,1.87457979697171,0.107534415871687,17.4258801317926,NA
"324","1229-55-6","rat",0.430714842173946,NA,NA,0.207957639681581,4.9112004384445,0.272044480879926,1.01185427426451,"Fitted geometric std dev","66","66","solvent red1",36.0001528707999,-60.0003057415999,"2compartment","analytic",NA,NA,NA,NA,NA,NA,NA,NA,NA
"325","10540-29-1","Rat",0.04574,4.864,1,2.18,1,1.2,0.8,"Predicted","141","141","tamoxifen",23.9516132327591,-35.9032264655182,"2compartment","analytic",NA,NA,NA,NA,NA,NA,NA,NA,NA
"326","10540-29-1","Rat",0.0561715580433509,NA,NA,35.2503351865931,77445.2635579797,3.38886489697313,0.99999326005344,"Fitted geometric mean","141","141","tamoxifen",23.9516132327591,-35.9032264655182,"2compartment","analytic",0.190356538259858,0.190361210126298,0.645104074746041,-0.320557884403236,3.6413100747489,38962.0314485403,7416.67743011586,22853.0165388442,NA
"327","10540-29-1","Rat",3.70584719912006,NA,NA,20.888737945037,0.364262035562695,4.20043944164414,5.05141323803485e-07,"Fitted geometric std dev","141","141","tamoxifen",23.9516132327591,-35.9032264655182,"2compartment","analytic",NA,NA,NA,NA,NA,NA,NA,NA,NA
"328","994-05-8","human",0.3802,1.762,1,2.18,1,1.2,0.8,"Predicted","51","51","tert-amyl methyl ether",92.0738670919778,-172.147734183956,"2compartment","analytic",NA,NA,NA,NA,NA,NA,NA,NA,NA
"329","994-05-8","human",1.35604761059701,NA,NA,2.13572508750497,1.01117631454323,1.29807016460367,0.103825720319773,"Fitted geometric mean","51","51","tert-amyl methyl ether",92.0738670919778,-172.147734183956,"2compartment","analytic",0.182758699364047,1.76024624316823,0.237233789911141,0.349723542024129,3.79269048735802,2.50182468493524,0.457230225455632,7.50280687048044,NA
"330","994-05-8","human",0.60734203738914,NA,NA,0.240561459342402,2.01036069986347,0.413967480576468,0.223624568510003,"Fitted geometric std dev","51","51","tert-amyl methyl ether",92.0738670919778,-172.147734183956,"2compartment","analytic",NA,NA,NA,NA,NA,NA,NA,NA,NA
"331","127-18-4","rat",0.01427,3.342,1,2.18,1,1.2,0.8,"Predicted","4","4","tetrachloroethylene",-30.2523593429902,72.5047186859805,"2compartment","analytic",NA,NA,NA,NA,NA,NA,NA,NA,NA
"332","127-18-4","rat",0.387559937625218,NA,NA,0.613846831644287,1.04428599082074,1.4237589138299,0.119577490220773,"Fitted geometric mean","4","4","tetrachloroethylene",-30.2523593429902,72.5047186859805,"2compartment","analytic",0.065981892419932,0.551793339596179,0.0939425498785123,0.136272744512381,10.5051121624174,2.55912371035261,0.168855825345783,6.13385579924828,NA
"333","127-18-4","rat",2.44565200014446,NA,NA,0.483605684456574,7.30021766802392,2.04578373471308,0.507707084903081,"Fitted geometric std dev","4","4","tetrachloroethylene",-30.2523593429902,72.5047186859805,"2compartment","analytic",NA,NA,NA,NA,NA,NA,NA,NA,NA
"334","119-64-2","Rat",0.25,5.56,1,2.19,1,1.2,0.8,"Predicted","152","152","tetralin",109.010146994203,-208.020293988407,"2compartment","analytic",NA,NA,NA,NA,NA,NA,NA,NA,NA
"335","119-64-2","Rat",1.72485102864059,NA,NA,NA,0.657402037051263,2.55150196672093,0.0258410480472376,"Fitted geometric mean","152","152","tetralin",109.010146994203,-208.020293988407,"2compartment","analytic",0.113725439276905,4.40096334337906,0.290170850210641,2.49966690380473,6.09491759246789,6.32056948932278,0.718809541653435,9.97068542489743,NA
"336","119-64-2","Rat",0.083364639515835,NA,NA,NA,0.0359795365195591,0.0705993586911371,0.150451695558243,"Fitted geometric std dev","152","152","tetralin",109.010146994203,-208.020293988407,"2compartment","analytic",NA,NA,NA,NA,NA,NA,NA,NA,NA
"337","123-93-3","Rat",0.25,5.56,1,2.19,1,1.2,0.8,"Predicted","155","155","thiodiglycolic acid",-82.0505885707996,174.101177141599,"2compartment","analytic",NA,NA,NA,NA,NA,NA,NA,NA,NA
"338","123-93-3","Rat",4.79188016486694,NA,NA,NA,0.141819706701109,2.01475032507154,0.0391365582529563,"Fitted geometric mean","155","155","thiodiglycolic acid",-82.0505885707996,174.101177141599,"2compartment","analytic",0.377841636424069,9.65444413461985,0.761256718674812,4.47914888750218,1.83449126231815,0.976270905505586,0.368875796529438,1.79859225139912,NA
"339","123-93-3","Rat",0.209724935991803,NA,NA,NA,0.262114590151067,0.0797418800835072,0.177042268667426,"Fitted geometric std dev","155","155","thiodiglycolic acid",-82.0505885707996,174.101177141599,"2compartment","analytic",NA,NA,NA,NA,NA,NA,NA,NA,NA
"340","64-77-7","rat",0.02548,0.2471,1,2.18,1,1.2,0.8,"Predicted","192","192","tolbutamide",-99999,200012,"2compartment","analytic",NA,NA,NA,NA,NA,NA,NA,NA,NA
"341","64-77-7","rat",0.16680656634584,NA,1.04106414848825,2.78804757177258,0.148791896350136,2.75691868141964,0.254844730511391,"Fitted geometric mean","192","192","tolbutamide",-99999,200012,"2compartment","analytic",0.11719599131845,0.459874895860992,0.323101754826346,0.0871625660072572,5.91442738580105,0.188931212504374,0.0221419807404469,0.211777425584564,1.95906921617174
"342","64-77-7","rat",0,NA,0,0,0,0,0,"Fitted geometric std dev","192","192","tolbutamide",-99999,200012,"2compartment","analytic",NA,NA,NA,NA,NA,NA,NA,NA,NA
"343","79-01-6","rat",0.891,1.238,1,2.18,1,1.2,0.8,"Predicted","18, 29","Joint Analysis","trichloroethylene",-746.965827757262,1507.93165551452,"2compartment","analytic",NA,NA,NA,NA,NA,NA,NA,NA,NA
"344","79-01-6","rat",2.49027059124611,NA,NA,1.18499526188213,1.80024141193378,2.0062942383758,0.214833484349334,"Fitted geometric mean","18, 29","Joint Analysis","trichloroethylene",-746.965827757262,1507.93165551452,"2compartment","analytic",1.07335439284958,4.99621754550801,2.15346559886077,1.42583574825071,0.645776628089958,2.99220313260135,3.21169437667593,4.17670834083064,NA
"345","79-01-6","rat",1.78957305064367,NA,NA,1.69854554425021e-15,1.28741281647091,1.50637549268775e-16,1.87470187326353e-16,"Fitted geometric std dev","18, 29","Joint Analysis","trichloroethylene",-746.965827757262,1507.93165551452,"2compartment","analytic",NA,NA,NA,NA,NA,NA,NA,NA,NA
"346","79-01-6","rat",0.891,1.238,1,2.18,1,1.2,0.8,"Predicted","18","18","trichloroethylene",-594.752098796354,1201.50419759271,"2compartment","analytic",NA,NA,NA,NA,NA,NA,NA,NA,NA
"347","79-01-6","rat",2.53707885753773,NA,NA,1.19575299211834,1.71177292663216,2.04681231756737,0.216410556658126,"Fitted geometric mean","18","18","trichloroethylene",-594.752098796354,1201.50419759271,"2compartment","analytic",1.12380362897811,5.1929263030603,2.30021601695849,1.47943505754218,0.616786743419073,2.81273773147679,3.16096486999727,3.86446776739189,NA
"348","79-01-6","rat",1.28741593609178,NA,NA,2.10838463770995e-16,0,5.26228567950748e-17,2.4626570398386e-17,"Fitted geometric std dev","18","18","trichloroethylene",-594.752098796354,1201.50419759271,"2compartment","analytic",NA,NA,NA,NA,NA,NA,NA,NA,NA
"349","3380-34-5","rat",0.05738,2.351,1,2.18,1,1.2,0.8,"Predicted","192","192","triclosan",0,Inf,"2compartment","analytic",NA,NA,NA,NA,NA,NA,NA,NA,NA
"350","3380-34-5","rat",0.0328261264200867,NA,NA,NA,2.54515643245577,78.8392903923968,0.998856795327117,"Fitted geometric mean","192","192","triclosan",0,Inf,"2compartment","analytic",2.58502991272898,2.58806735258114,203.808132490641,-198.66786135175,0.268138939958416,0.0641917179350706,0.165937511011619,0.0323197911170357,NA
"351","3380-34-5","rat",20.3440563342673,NA,NA,NA,0.617733570444716,20.4270288593167,2.28094401805962,"Fitted geometric std dev","192","192","triclosan",0,Inf,"2compartment","analytic",NA,NA,NA,NA,NA,NA,NA,NA,NA
"352","99-66-1","rat",0.1795,2.261,1,2.18,1,1.2,0.8,"Predicted","192","192","valproic acid",-208.245762533609,430.491525067218,"2compartment","analytic",NA,NA,NA,NA,NA,NA,NA,NA,NA
"353","99-66-1","rat",0.734152481861262,NA,0.999389423914808,2.37435088489744,0.210895694911466,1.60447534714467,0.111889128252227,"Fitted geometric mean","192","192","valproic acid",-208.245762533609,430.491525067218,"2compartment","analytic",0.131797511408575,1.17793116266682,0.211466145910862,0.364110046303266,5.25918261393553,0.574023518084361,0.0756548711735137,1.17475357598471,0.550410374778731
"354","99-66-1","rat",0.591577545292055,NA,0.898215594997717,0.345325749000241,0.114657951860051,0.392543624818883,1.83845887276925,"Fitted geometric std dev","192","192","valproic acid",-208.245762533609,430.491525067218,"2compartment","analytic",NA,NA,NA,NA,NA,NA,NA,NA,NA
